District,Building name,Capacity Installed (kW),Latitude,Longitude
Prayagraj,"Forest Department, Prayagraj",8,25.4712696,81.82869221
Prayagraj,"Forest Department, Prayagraj",5,25.4712696,81.82869221
Varanasi,"Kashi Vidyapeeth, Varanasi",135,25.3223627,82.9889953
Meerut,"Comissioner camp office, Meerut",4,28.99434569,77.72611903
Hapur,"Animal Husbandry, Hapur",75,28.73407474,77.77533126
Pilibhit,"Vikas Bhawan, Pilibhit",75,28.64951534,79.82307384
Bijnor,"Vikas Bhawan, Bijnor",50,29.376601,78.13265878
Barabanki,"Vikas Bhwan ,Barabanki",57,26.91798394,81.17885628
Pilibhit,"Collectorate Bhawan, Pilibhit",90,28.65007865,79.82217598
Barabanki,"Collectorate Bhawan, Barabanki",65,26.92690996,81.18343301
Varanasi,"Collectorate Bhawan, Varanasi",104,25.34442827,82.97851581
Mirzapur,"Vikas Bhawan, Mirzapur",60,25.13330825,82.56882022
Lucknow,"Nari Shiksha Niketan, Lucknow",7,26.85350816,80.92949568
Fatehpur,"Vikas Bhawan, Fatehpur",20,25.92356253,80.79865513
Meerut,"Vikas Bhawan, Meerut",20,28.98868708,77.7167091
Muzaffar nagar,"Collectorate Bhawan, Muzaffarnagar",25,29.47132757,77.70303653
Rae Bareli,"Collectorate Bhawan, Raebareli",34,26.21499639,81.2491404
 Ghaziabad,"Nagar Palika, Modinagar, Ghaziabad",30,28.83699714,77.58183923
 Ghaziabad,"Tehsil, Modinagar, Ghaziabad",20,28.87543493,77.59050641
Saharanpur,"Collectorate Bhawan, Saharanpur",40,29.9480243,77.54858583
Lucknow,"K D Singh Babu Stadium, Lucknow",34,26.85583137,80.93767977
Saharanpur,Vikas Bhawan Saharanpur,50,29.93223743,77.53252014
Agra,"Vikas Bhawan , Agra",50,27.20088165,78.00478581
Agra,"Collectorate Bhawan, Agra",80,27.17838183,78.00730973
Lucknow,"Judicial Training & Reserch Insitute Gomti Nagar, Lucknow",400,26.85192735,81.01552328
Lucknow,Lucknow university  Lucknow,500,26.86379071,80.93605472
Lucknow,Architecture College Lucknow,100,26.86263488,80.93333287
Jhansi,Bundelkhand University Jhansi,500,25.45319596,78.60983772
Jhansi,Bundelkhand University Jhansi,550,25.45319596,78.60983772
Lucknow,ICCMRT Indira Nagar Lucknow,120,26.88694509,80.98114668
Ayodhya,Distt. Combined Hospital (Ayodhya),300,27.33694553,82.41686593
Lucknow,"Animal Husbandary Department, Lucknow",200,26.87211987,80.95691305
Auraiya,GAIL Petrochemicals,5760,26.70030333,79.48662479
Amethi,HAL korwa,1750,26.21952836,81.82188038
Varanasi,Babatpur Airport,2000,25.45088898,82.85597467
Ghaziabad,Ordinance Factory ,2000,28.75982471,77.51550932
Jhansi,MLR Jhansi Workshop,1205,25.42491004,78.54347187
Varanasi,DLW Varanasi,1100,25.29215048,82.95318406
Lucknow,Lucknow University,1000,26.86367551,80.93609984
Gorakhpur,Deen Dayal Upadhyay University,1000,26.74827623,83.38077592
Jhansi,Wagon Repair Workshop,1000,25.42929753,78.54574977
Lucknow,Scooter India Ltd.,1000,26.74329214,80.8512592
Ghaziabad,NTPC Dadri,1000,28.59931874,77.60866095
Jhansi,MLR Jhansi Workshop,970,25.42491004,78.54347187
Lucknow,Cariage & Wagon Workshop,893,26.82564448,80.9028028
Lucknow,"Locomotive Workshop of Railway, Charbagh",800,26.82805631,80.9262817
Prayagraj,Allahabad High Court,745,26.93304415,81.00677669
Varanasi,DLW Varanasi,700,25.29215048,82.95318406
Muzaffar nagar,Muzaffarnagar Medical college,500,29.37305822,77.70586285
Prayagraj,CRPF Group Center Phaphamau,499,25.55397504,81.88725728
Agra,Agra Cantt Railwat Stn.,375,27.15904436,77.99060408
Kanpur,NSI Kanpur,300,26.50697979,80.25194454
Agra,Dhaul Pur Station ,94.7,27.17521008,78.00695281
Kanpur,ITO Kanpur,90,26.47487283,80.35413998
Mathura,Mathura II Entrygate Agra,89.6,27.49296964,77.67355652
Jhansi,Central Agroforestry Research Institute,80,25.50425341,78.54304277
Meerut,CGST Commissionerate ,76.8,28.96656443,77.73848933
Meerut,RAF-CRPF,75,28.94423594,77.65215367
Lucknow,Regional Trg. Center chinhat,75,26.87144257,81.00252147
Lucknow,DR RML lohia park,75,26.8577128,80.97974916
Lucknow,UPERC,70,26.85902418,81.02226318
Bareilly,Central Avaim Research Institute,56,28.4052248,79.43301815
Agra,CGO- Kendriya Sadan,50,27.19717579,78.0061152
Prayagraj,Mela Shed,50,25.43937167,81.87946093
Kanpur,India Thermit Corporation Ltd Kanpur,50,26.45865876,80.31355459
Kanpur,"India Thermit Ltd, Kanpur",50,26.45310173,80.26387743
Mathura,Plateform No I Railway Station ,39.69,26.44718565,80.34593995
Kanpur,PRS Building ALD UP,39.69,,
Ghaziabad,Northan India Textile Research Association,100,28.6908347,77.45440725
Lucknow,MES Army cantt,33,26.80797518,80.94750214
Kausambhi,District Magistrate Office Kausambhi,70,25.53381053,81.3876149
Kanpur,KESCO Kanpur,80,26.39133283,80.41164495
Kanpur,KESCO collection centres Kanpur,92,26.48233245,80.3342188
Kanpur,KESCO collection centres Kanpur,29,26.48233245,80.3342188
Gorakhpur,Madan Mohan Malviya Technical,100,26.7316307,83.43314905
Lucknow,District Magistrate Office M.G.Road,135,26.85183459,80.93870289
Lucknow,King George Medical University,400,26.86944506,80.91621201
Lucknow,Vikas Bhawan Lucknow,108,26.87898998,80.97359697
Varanasi,Vikas Bhawan Varanasi,75,26.88527061,80.97170005
Prayagraj,Vikas Bhawan Allahabad,70,25.52151225,81.84321686
Lucknow,Bus Station UPSRTC kesar Bagh,40,26.85366308,80.92838599
Lucknow,Anchalik Vigyan kendra,10,26.88999863,80.94031291
Agra,District Magistrate Office Agra,80,27.17800748,78.00722921
Agra,Municipality Office Agra,25,27.20372526,78.00580874
Lucknow,Govt Girls Polytechnic,80,26.87493092,81.00010745
Lucknow,Cantonment General Hospital,33,26.82622412,80.94467235
Hapur,"A I Production Centre, Hapur",75,28.74111106,77.76901424
Lucknow,AKTU Lucknow,1000,27.03056456,80.95679063
Jhansi,Bundelkhand University Jhansi,1050,25.45319596,78.60983772
Varanasi,Banaras Hindu University,8000,25.27905338,83.00195454
GB Nagar,Gautam Budh University,2840.8,28.4211398,77.5267391
Aligarh,Aligarh Muslim University-2,1670,27.91371015,78.0781901
Varanasi,IIT BHU,1500,25.26221149,82.99220103
Aligarh,Aligarh Muslim University-1,1500,27.91366275,78.0781901
Prayagraj,Allhabad University,1435,25.46714514,81.85943823
Varanasi,BHU IT College Varanasi,1000,25.26555317,82.99169618
Bulandshahr,Bharat Immunological & Biologicals Corporation Ltd,761,28.33524666,77.77997211
Lucknow,Baba Saheb Bhim Rao Ambedkar University,750,26.76355538,80.92779338
Lucknow,Shakuntala University,700,26.8341422,80.83689625
Varanasi,Trade facilitation & craft Museum centre,700,25.38347618,82.97423447
Banda,Banda University of Agriculture & Technology,652,25.52270236,80.3427282
Prayagraj,Indian Institute of Information Technology,515,25.42978766,81.7710471
Bareilly,Mahatma Jyotiba Phule Ruhelkhand University,500,28.3715438,79.45679757
Meerut,Sardar Vallab Bhai Patel University of Agriculture & Technology,400,29.07498149,77.70821651
Lucknow,GB Polytechnic,349,26.83603755,80.83891327
Prayagraj,Motilal Nehru Medical College,300,25.45050737,81.85186922
Gorakhpur,Madan Mohan Malviya Technical,456,26.7316307,83.43314905
Lucknow,National Homeopathic Medical College,300,26.85102139,81.02203958
Lucknow,Balrampur Hospital,300,26.85709337,80.92664737
Lucknow,"Khwaja Moinuddin Chisti Urdu, Arbi, Farsi University",200,26.92905196,80.89608308
Amethi,CRPF Group Center Trishundi,194,26.92909022,80.896126
Ghaziabad,International Central for Information Systems Audit,192,28.62702678,77.35563682
Kanpur,Indian Institute of Pulses Research,179,26.65937776,80.28395152
Lucknow,Avanti Bai Hospital,179,26.85673885,80.92488463
Jhansi,Indian Grassland & Fodder Research institute,168,25.51148287,78.53375828
Varanasi,Indian Institute of Vegetable Reasearch,161,25.1814523,82.87765681
Ghaziabad,National Center for Medium range weather forecasting (MoES),159,28.6250424,77.35991515
Lucknow,Birbal Sahni Institute of Palio Sciences,150,26.86733878,80.9392066
Prayagraj,Allahabad Divison (Northern Central Railways),1569.59,25.4377926,81.7904005
Chandauli,"Mugalsarai Division 
( East Central Railways)",1475,25.27972382,83.12045364
Moradabad ,"Moradabad, Ambala, Delhi,Lucknow 
( Northern Railways)",1720.8,,
Lucknow,,3711.15,,
Delhi,,626.035,,
Varanasi ,"Gorakhpur, Lucknow, Izzatnagar, Varanasi (Northern Eastern Railways)",1463.48,,
Gorakhpur,,200,,
Lucknow,,939.75,,
Bareilly,,615.375,,
Gorakhpur,BSNL Gorakhpur,25,26.75242684,83.37599921
Rae Bareli,BSNL Raebareli,25,26.21726635,81.25597881
Deoria,BSNL Deoria,40,26.49995974,83.77943346
kanpur,BSNL Saket nagar Kanpur,75,26.43248784,80.31894875
kanpur,BSNL Lajpat Nagar Kanpur,40,26.46535858,80.30673358
Unnao,BSNL Unnao,50,26.54836712,80.48397708
Ghaziabad,Mahamaya Balika Inter College,400,28.54734629,77.33835488
Ghaziabad,Panchsheel Balak Inter College,440,28.50940268,77.39167758
All UP,Jwahar navodya Vidyalaya,3916.12,,
Jhansi,Jhansi Medical College,100,25.46024222,78.61468584
Jhansi,Vikas Bhawan,50,25.4568482,78.56250237
Meerut,"Rajkiya Inter College, Bagpath",5,28.94567934,77.2181643
Sultanpur,"KNIT, Sultanpur",350,26.2889935,82.08232712
Lucknow,UPNEDA HO,40,26.86730272,80.9989997
Rae Bareli,Vikas Bhawan,7,26.21510626,81.24681471
Lalitpur,Vikas Bhawan,52,24.69332857,78.4061839
Pilibhit,Collectorate,90,28.6500879,79.82216518
Bijnor,Vikas Bhawan,50,29.37649816,78.1326266
Lucknow,Traffic Police Line,5,26.82801243,80.94249668
Lucknow,Traffic Police Line,4,26.82801243,80.94249668
Lucknow,Naree Shiksha Niketan,7,26.85450614,80.92947178
Barabanki,SP Camp office,7,26.92734322,81.17877291
Kannauj,Vikas Bhawan,50,27.02997808,79.9219319
Jaunpur,Collectorate,65,27.05474566,79.9217119
Farrukhabad,Vikas Bhawan,50,27.36779785,79.63471371
Jaunpur,Vikas Bhawan,30,25.84089602,82.68143402
Mathura,Vikas Bhawan,20,27.55223545,77.66091472
Ayodhya,Vikas Bhawan,30,26.77442106,82.12569264
Chitrakoot,Govt Degree College Manikpur,13,25.05007549,81.09129863
Ghaziabad,Vardaan Hospital,20,28.70878908,77.44453452
GB Nagar,Tehsil Zewar,40,28.12594624,77.56132907
GB Nagar,Tehsil Sadar,40,28.69024418,77.44524552
Gorakhpur,Gautam Buddha Museum,40,26.72247875,83.39446362
Varanasi,Cantt High School,10,25.33180637,82.97957122
Varanasi,Cantt Board Office,40,25.33931359,82.96959388
Pratapgarh,Vikas Bhawan,70,25.91772077,81.98953958
Azamgarh, Rajkiya Engeeniring College,126,25.7542448,82.94901427
Firozabad,Collectorate Office,50,27.12760102,78.45735054
Etawah,"Etawah Safari Park, Fountain Park",20,26.76767791,79.00199117
Etawah,"Lion Breeding Center, Etawah Safari",10,26.77742951,78.9869578
Etawah,"Adhunik Hospital, Etawah Safari",8,26.78114537,79.00175444
Etawah,"Residence, Director, Etawah Safari",5,26.76756296,79.00194756
Etawah,"Residence, Deputy Director,Etawah Safari",5,26.77001589,78.99902608
Lucknow,Civil Defence Lucknow,30,26.79342925,80.89012518
Maharajganj,ExEn Maharajganj,15,27.14494349,83.56233523
Kanpur,Irrigation Dept Kanpur,15,26.46748957,80.36489427
Gorakhpur,"Ex En Office Flood Division, Gorakhpur",10,26.73856054,83.3829337
Gorakhpur,"Ex En Office Flood Division, Gorakhpur",5,26.73856054,83.3829337
Gorakhpur,"Kabootari Devi Rajeshwar Tripathi Smarak P.G. College, Gorakhpur",11,26.72865167,83.58536771
Bareilly,"Hydel CE, Bareilly",11.8,28.34353427,79.4234062
Bareilly,Sales Tax Office Bareilly,17.49,28.33955004,79.42064985
Bareilly,PWD CE Office Bareilly,20,28.34651593,79.42199708
Bareilly,SSP Office Bareilly,25.7,28.34307907,79.41886603
Bareilly,Commissionary Office Bareilly,23,28.3479534,79.42029046
Bareilly,Commissionary (Advocate) Office Bareilly,12,28.3480195,79.42029046
Bareilly,Mental Hospital Bareilly,18,28.35419487,79.43035439
Bareilly,District Hospital Bareilly,28,28.3615469,79.41648596
Bareilly,Nagar Nigam Bareilly,25,28.35591016,79.42086849
Bareilly,Guard quater & Admin Office Bareilly,16.5,28.34835531,79.44337514
Bareilly,Sabhagaar & Control Room Bareilly,19,28.35533975,79.42600841
Bareilly,Police Modern School Bareilly,20,28.35515146,79.40725378
Bareilly,Employment Exchange Office Bareilly,9,28.342323,79.41680247
Bareilly,PWD Guest House Bareilly,5,28.34660582,79.4211853
Bareilly,Irrigation Rohilkhand Bareilly,5,28.34579498,79.42227364
Bareilly,Irrigation Flood Dept Bareilly,5,28.34575662,79.42134284
Bareilly,Tuberculosis Hospital Bareilly,9,28.36199357,79.41432703
GB Nagar,Okhla Bird Sanctuary GB Nagar,10,28.569385,77.300267
Agra, Lakhanpur Paudhshala Agra,4,27.21661878,77.92102974
Lucknow,Div Commissioner Office Lucknow,30,27.24788971,78.0462848
Lucknow,Nagar Nigam Lucknow,40,26.84898261,80.94016429
Lucknow,Niryat Bhawan Lucknow,40,26.84889681,80.93301971
Lucknow,Rajasv Parishad Lucknow,45,26.8554706,80.93010491
Lucknow,New OPD Bhawan Balrampur Hospital,36,26.85670414,80.92561708
Lucknow,New Building Balrampur Hospital,70,26.85866917,80.9280648
Lucknow,Super Speciality Bhawan Bhawan Balrampur Hospital,26,26.85708829,80.92667241
Lucknow,Lucknow Smart City Office,18,26.84705654,80.93688345
Lucknow,Emergency Medecine Balrampur Hospital,25,26.85584845,80.92714801
Lucknow,"District Rural Development Agency, Lucknow",12,26.85575135,80.95590346
Muzaffar nagar,"Development Authority, Muzaffanagar",11,29.32742429,77.70991777
Prayagraj,"Forest Department, Prayagraj",15,25.4712696,81.82869221
Hapur,"A1 Production Center, Babugarh Hapur",75,28.72308125,77.85228886
Lucknow,STP Bharwara,1492,26.8348549,81.0371381
Lucknow,Kathauta Water Works,1800,26.86051937,81.03105121
Fatehpur,"Vikas Bhawan, Fatehgarh",50,27.36278599,79.63610845
Hamirpur,"Vikas Bhawan, Hamirpur",25,25.92965465,80.14159638
Lucknow,HAL Lucknow,2470,26.87042528,80.9888837
Kanpur,HAL Kanpur,1600,26.41034701,80.39045191
Meerut,Chaudhary Charan Singh University,1260,28.96931155,77.74048904
Kanpur,UHM Hospital Male,200,26.47295508,80.34879936
Kanpur,UHM Hospital Female,150,26.47262463,80.35056829
Varanasi,Batalion PAC Varanasi,270,25.29362478,82.94324991
Varanasi,BRD Medical College varanasi,500,25.54627854,83.37077682
Lucknow,Raj Bhawan-No9,5,26.84134769,80.94637833
Mahoba,"Collectorate, Mahoba",45,25.284103,79.85613231
Lakhimpur Kheri,"Collectorate,Kheri",25,28.06493217,80.68546515
Lucknow,UP Pollution Control Board,38,26.91137483,81.00173269
Lakhimpur Kheri,Vikas Bhawan Kheri,26,27.94119952,80.78621526
Jalaun,Vikas Bhawan Orai,50,25.99914946,79.45089712
Lucknow,DRDA,12,26.92687858,81.17886108
Lucknow,UPPCL Shakti Bhawan,16,26.85091936,80.94909565
Lucknow,UPPCL Shakti Bhawan,24,26.85091936,80.94909565
Azamgarh,Govt Higher Secondary School,5,26.16730156,83.16040924
Agra,UPSIDC Nursery,4,27.17748904,77.9924809
Muzaffar nagar,Development Authority,11,29.44181327,77.69934907
Kanpur,Nagar Nigam Office,100,26.4340282,80.34159915
Lucknow,Nagar Nigam Old Age Home,50,26.74517775,80.8656886
Kanpur,Nagar Nigam Zone-2,18,26.88270849,80.91231186
Kanpur,Dr. Ambedkar institute for handicapped,108,26.5021463,80.2764365
Lucknow,Civil Aviation Directorate,36,26.40747155,80.39033938
Kannauj,Rajkiya Engineering College,102,26.93876886,79.75860315
Varanasi,"Sampoornanand sanskrit University, Central Office building",90,25.33201452,82.99938187
Varanasi,"Sampoornanand sanskrit University, International Hostel Building",90,25.33201452,82.99938187
Varanasi,"Sampoornanand sanskrit University, Padini Bhawan",90,25.33201452,82.99938187
Varanasi,"Sampoornanand sanskrit University,Examination Building",30,25.33201452,82.99938187
Varanasi,"Sampoornanand sanskrit University, Museum Building",27,25.32783833,82.99749625
Varanasi,"Sampoornanand sanskrit University, Bahusankay Bhawan",30,25.3321018,82.99940332
Lucknow,SUDA Head Office,22,26.81165427,81.00805785
Bareilly,PWD Chief Engineer Office,20,28.34639193,79.42210594
Bareilly,Commissionary Office,23,28.34797229,79.42024755
Bareilly,Commissionary Advocate Office,12,28.34799117,79.42025828
Bareilly,Mental Hospital,18,28.35671503,79.42840141
Bareilly,District Hospital,28,28.36153746,79.4163894
Bareilly,Nagar Nigam Office,25,28.35628771,79.42093837
Bareilly,Police Modern School,20,28.35631889,79.40729038
Bareilly,Employment Exchange Office,9,28.34231356,79.41685611
Bareilly,PWD Guest House,5,28.34656805,79.42116384
Bareilly,Irrigation Flood Department,5,28.3457283,79.4213643
Bareilly,Tuberculosis Hospital,9,28.36195581,79.41435921
Saharanpur,District Court Saharanpur,40,29.95347638,77.54720452
Lalitpur,District Court Lalitpur,22,24.85361087,78.41723752
Jhansi,District Court Jhansi,100,25.4600265,78.5767532
Hamirpur,District Court Hamirpur,80,26.05704941,80.15829953
Hardoi,District Court Hardoi,80,27.39920953,80.13266357
Sitapur,District Court Sitapur,75,27.56797098,80.67760162
Shahjahanpur,District Court Shahjahanpur,35,27.88612589,79.91688656
Pilibhit,District Court Pilibhit,50,28.64965045,79.82599701
Amroha,District Court Amroha,100,28.8672922,78.46746721
Jaunpur,District Court Jaunpur,150,25.73567849,82.69842092
Basti,District Court Basti,115,26.78875647,82.71711851
Mathura, District Court Mathura,150,27.47467197,77.69407822
Rampur,District Court Rampur,8,28.79224283,79.01428771
Jalaun,"Gauvansh Vanya Vihar, Evra, Jalaun",10,26.14802554,79.33162963
Jalaun,"Gauvansh Vanya Vihar, Chamri, Jalaun",10,25.87869119,79.13828061
Varanasi,"Kasturba Gandhi Balika Vidyalaya, Shivpur, Varanasi",6,25.37816509,82.95487121
Varanasi,"Kasturba Gandhi Balika Vidyalaya, Chirgaon, Varanasi",6,25.35911038,83.07053445
Varanasi,"Kasturba Gandhi Balika Vidyalaya, Pandhara, Varanasi",6,25.352973,82.98226935
Varanasi,"Kasturba Gandhi Balika Vidyalaya, Cholapur, Varanasi",6,25.35415029,82.98232266
Varanasi,"Kasturba Gandhi Balika Vidyalaya, Sewapur, Varanasi",6,25.36841764,82.75663282
Ayodhya,"Nagar Nigam Main Building (Admin building), Ayodhya",25,26.78199319,82.13613701
Ayodhya,"Parivahan Nigam Office, Ayodhya",25,26.76175089,82.12412067
Ayodhya,"District Treasury Office, Ayodhya",30,26.7726133,82.12548471
Kausambhi,District Court Kausambhi,75,25.53399151,81.38591242
Sultanpur,District Court Sultanpur,65,26.26687362,82.07785647
Deoria,District Court Deoria,90,26.49565002,83.77629238
Mahoba,District Court Mahoba,14,25.39635004,79.8943894
Kannauj,District Court Kannauj,60,27.03611932,79.92324804
Barabanki,Civil Court Barabanki,45,26.92676784,81.18168583
Etawah,District Court Etawah,40,26.78715297,79.01260922
Gorakhpur,District Court Gorakhpur,100,26.74699216,83.3732345
Fatehpur,District Court Fatehpur,100,25.92777011,80.79934314
Sidharth Nagar,District Court Siddharthnagar,60,27.27898831,83.06982264
Barabanki,"Sadar Tehsil, Nababganj, Barabanki",20,26.92553512,81.17959221
Lucknow,"Directorate of Environment, Lucknow",25,26.85373517,81.01275884
Etah,District Court Etah,130,27.55721058,78.65570294
Kanpur,District Court Kanpur Nagar,150,26.47515942,80.35325344
Pratapgarh,District Court Prataphgarh,210,25.92034032,81.9894992
Auraiya,Baburam sugandhi devi inter collage Baberpur,3,26.59534364,79.56625504
Etah,District Court Etah,130,27.55721058,78.65570294
Kasganj,District Court Kasganj,200,27.83272689,78.67490965
Jaunpur,District Court Jaunpur,150,25.73567849,82.69842092
Basti,District Court Basti,115,26.78875647,82.71711851
Kanpur,District Court Kanpur Nagar,150,26.47515942,80.35325344
Mathura,District Court Mathura,150,27.47482427,77.69396325
Pratapgarh,District Court Prataphgarh,210,25.92034032,81.9894992
Kanpur Dehat,District Court Kanpur Dehat,250,26.3428739,79.96121048
Agra,District Court Agra,200,27.20900713,78.00324232
Prayagraj,G.G.I.C.   OLD KATARA,5,25.46703664,81.85191847
Prayagraj,G.G.I.C.   PHAPHAMAU,5,25.52529218,81.85543469
Prayagraj,GOVT.GIRLS HIGH SCHOOL  GOHARI,5,25.65455912,81.82158681
Prayagraj,GOVERNMENT GIRLS INTER COLLEGE,5,25.45184412,81.82818344
Prayagraj,G.G.I.C.   HANDIYA,5,25.36366585,82.18424815
Prayagraj,GOVERNMENT GIRLS INTER COLLEGE PHOOLPUR,5,25.55141313,82.08513144
Prayagraj,RAJKIYA U.M.V. NANDOUT,5,25.60406721,82.4755308
Prayagraj,GOVT. INTER COLLEGE,5,25.44399688,81.84898968
Prayagraj,G.G.I.C.   JASARA,5,25.27943431,81.77667434
Prayagraj,RAJKIYA U.M.V. DANDUPUR,5,25.46103145,81.8268873
Prayagraj,RAJKIYA U.M.V. SANSAR PUR,5,24.84820591,82.07326223
Prayagraj,RAJKIYA U.M.V. BERI MANDA,5,,
Prayagraj,G.G.I.C. MUGARI  RAMPUR,5,25.44700754,81.84743554
Prayagraj,GOVT. INTER COLLEGE,5,25.44399688,81.84898968
Prayagraj,RAJKIYA U.M.V. DIGHIYA,5,25.16556662,82.19990584
Prayagraj,RAJKIYA U.M.V. PIPRANWA,5,25.11387471,82.28142835
Prayagraj,G.G.I.C.  SHANKARGARH,5,25.18628081,81.61602013
Prayagraj,RAJKIYA U.M.V. SONVEY,5,,
Prayagraj,RAJKIYA U.M.V. PARVEJABAD,5,,
Prayagraj,GOVT. INTER COLLEGE NAGAR SHETRA,5,25.44399688,81.84898968
Varanasi,GOVT. GIRLS INTER COLLEGE JAKKHINI,5,25.19429395,82.8341615
Varanasi,GOVT HIGH SCHOOL     MAHGAON,5,25.25204316,82.82182899
Varanasi,"SAMAJVADI ABHINAV VIDYALAYA, ARJILINES",5,25.20250582,82.82832898
Varanasi,GOVT. HIGH SCHOOL BHIKARIPUR,5,25.29094868,82.96830432
Varanasi,GOVT. HIGH SCHOOL   KARDHANA,5,25.31841558,82.80410208
Varanasi,GOVT. HIGH SCHOOL BHATSAR,5,25.36043662,82.87869019
Varanasi,GOVT. HIGH SCHOOL   THATHARA,5,25.26968265,82.70990513
Varanasi,GOVT. HIGH SCHOOL   BESAHUPUFR,5,25.96381471,82.51206991
Varanasi,GOVT. HIGH SCHOOL    CHHAHI,5,25.40678425,83.03195154
Varanasi,GOVT. HIGH SCHOOL  CHAKKA,5,25.39395099,82.87075365
Varanasi,GOVT. HIGH SCHOOL  RAMGARHAWA,5,25.45186252,83.05214761
Varanasi,GOVT. GIRLS INTER COLLEGE   CHOLAPUR,5,25.48237562,83.00262756
Varanasi,GOVT HIGH SCHOOL      BAULIA,5,25.38023739,82.77111278
Varanasi,GOVT. RADHA KISHORI GIRLS I.C . RAMNAGAR,5,25.27063124,83.02756112
Varanasi,GOVT. HIGH SCHOOL   BELARI  VARANASI,5,25.51654375,82.90849534
Varanasi,GOVT. HIGH SCHOOL   CHITAIEPUR,5,25.27190835,82.9676799
Varanasi,GOVT. HIGH SCHOOL BARHAINIKALA,5,25.22285474,82.87191152
Varanasi,GOVT. HIGH SCHOOL   CHITAIEPUR,5,25.27190835,82.9676799
Varanasi,GOVT. HIDH SCHOOL PRATAP PUR,5,25.27663488,82.79131386
Varanasi,GOVT HIGH SCHOOL     JANASA,5,25.32204597,82.84102074
Bhadohi,GOVT.GIRLS INTER COLLEGE JAGANNATHPUR,5,25.15032363,82.58111902
Bhadohi,GOVT. HIGH SCHOOL  BARJI,5,25.2846839,82.27581612
Bhadohi,GOVT. HIGH SCHOOL  CHAKJURAVAN,5,,
Bhadohi,P.D.D.U. GOVT. GIRLS INTER COLLEGE MAHARAJGANJ,5,25.27934806,82.60988865
Bhadohi,Pt Deendayal Upadhyay Govt Model Inter College Girdbadganv Bhadohi,5,25.29613361,82.64821633
Bhadohi,GOVT. HIGH SCHOOL  AJAYPUR,5,25.36235239,82.53021695
Bhadohi,GOVT.HIGH SCHOOL BHAGWANPUR KANEHARI,5,28.83703583,77.96810965
Bhadohi,GOVT. HIGH SCHOOL  HARICHANDANPUR,5,25.66217476,82.66159907
Bhadohi,GOVT. HIGH SCHOOL   ABHIYA,5,25.50246536,82.39268389
Bhadohi,GOVT. HIGH SCHOOL   ARJUNPUR,5,25.48199852,82.39535305
Bhadohi,GOVT. HIGH SCHOOL   PALI,5,25.37839773,82.46015434
Bhadohi,GOVT. HIGH SCHOOL   LALIPUR,5,24.78116414,78.37192651
Bhadohi,GOVT. HIGH SCHOOL   HARIHARPUR,5,25.47753276,82.67810922
Bhadohi,GOVT. HIGH SCHOOL   MAHUAPUR,5,25.44501843,82.43889298
Bhadohi,GOVT. HIGH SCHOOL  CHAKMANDHATA,5,25.30385939,82.42241953
Bhadohi,KASTURBA GANDHI GOVT. HIGH SCHOOL VAHIDNAGAR,5,25.38748512,82.56800437
Bhadohi,GOVT. HIGH SCHOOL  KURHWA,5,25.49236469,82.30057954
Bhadohi,GOVT. HIGH SCHOOL   SADAUPUR,5,25.40093704,82.40963385
Bhadohi,Pt Deendayal Upadhyay Govt Model Inter College  sagarraipur   bhadohi,5,25.3364739,82.40277821
Mirzapur,GOVT.HIGH SCHOOL   CHILH,5,25.16409412,82.55714056
Mirzapur,GOVT. U.M.V. USARI PANDEY,5,24.92981098,82.36841009
Mirzapur,"GOVT. HIGH SCHOOL, INDI, VEERSHAHPUR ",5,25.1338511,82.56445721
Mirzapur,"SAMAJWAD ABHINAV VIDYALAYA , BHOJPUR PAHARI",5,,
Mirzapur,GOVT. GIRLS HIGH SCHOOL BHARPURA,5,25.07811312,82.71034452
Mirzapur,BABA RAM ABHILASH  GIC   DOMANPUR,5,25.17389852,82.78312085
Mirzapur,GOVT. HIGH SCHOOL  ADALPURA,5,25.1760984,82.87626015
Mirzapur,GOVT. HIGH SCHOOL CHETGANJ,5,,
Mirzapur,GOVT. GIRL INTER COLLEGE KACHHAWAN,5,25.2071962,82.71035234
Mirzapur,G.G.I.C  VINDHYA CHAL,5,25.17432271,82.49049132
Mirzapur,GOVERNMENT INTER COLLEGE,5,25.14759841,82.57725258
Mirzapur,SW. KASHIRAM RAJKIYA BALIKA I.C.,5,25.15071551,82.55957146
Mirzapur,G.G.I.C  CHUNAR,5,25.12795391,82.88087435
Lucknow,GOVT. HIGH SCHOOL BIBIPUR  BKT,5,27.06189473,80.92485055
Lucknow,GOVT HIGH  SCHOOL RASOOLPUR SADAT,5,26.94108723,81.02540553
Lucknow,RAJKIYA HIGH SCHOOL KHANTARI,5,27.0306375,80.98653097
Lucknow,RAJKIYA HIGH SCHOOL SONVA,5,27.03401594,80.94145393
Lucknow,GOVT  HIGH SCHOOL  AMETHIYA  SALEMPUR,5,26.88237495,80.81261057
Lucknow,PT DEEN DAYAL UPADHYAY RAJKIYA MODEL INTER COLEGE THWAR,5,27.01892681,80.74911738
Lucknow,RAJKIYA HIGH SCHOOL   HALUWAPUR,5,27.57215798,80.59452801
Lucknow,RAJKIYA U.M.V GOSHALALPUR,5,26.87199538,80.67241366
Lucknow,RAJKIYA HIGH SCHOOL  KHANDSARA,5,,
Lucknow,RAJKIYA VIRANGNA UDHA DEVI  MALL,5,27.01941218,80.74056028
Lucknow,GOVT. HIGH SCHOOL BEHTA  BKT,5,26.98401344,81.0230513
Lucknow,RAJKIYA UCCH MADHYMIK VIDYALAYA  PAHADPUR,5,27.03737521,80.94570718
Lucknow,RAJKIYA HIGH SCHOOL TIKRI,5,27.07405377,81.01191585
Lucknow,RAKIYA HIGH SCHOOL   JUGGAUR,5,26.87937322,81.08694434
Lucknow,GOVT. HIGH SCHOOL  PAREHTA,5,26.74003222,81.03509598
Lucknow,GOVT. HIGH SCHOOL   MASTIPUR,5,26.60354138,81.01395099
Lucknow,RAJKIYA INTER COLLEGE  RAHIMNAGAR   SAROJNINAGAR,5,26.68096387,80.74538432
Lucknow,RAJKIYA VIDYALAYA HIGH SCHOOL   KURAUNI,5,26.74741468,80.86296048
Lucknow,RAJKIYA HIGH SCHOOL   BETI,5,26.89743439,81.00478008
Lucknow,RAJKIYA VIDYALAYA HIGH SCHOOL   SADRAUNA,5,26.80661684,80.8462017
Lucknow,RAJKIYE  H S       BAGHAULI,5,27.23669539,80.29573328
Lucknow,ABHINAV VIDYALAYA KARORA  MOHANLAL GANJ,5,26.65023181,81.10095258
Lucknow,GHS  Rateya Mau,5,26.73815762,81.10578388
Lucknow,GHS Surai Mau,5,26.82745528,81.12221929
Lucknow,G H S Dharaura,5,26.80189583,80.8462017
Barabanki,RAJKIYA U.M.V. RASOOLPUR HOUSE,5,26.93005759,81.19693922
Barabanki,RAJKIYA INTER COLLEGE  BARABANKI,5,26.92534116,81.19361408
Barabanki,RAJKIYA U.M.V. MITTAI,5,27.03496937,81.0891698
Barabanki,RAJKIYA U.M.V. HASANPUR TANDA,5,27.09753005,81.24914876
Barabanki,RAJKIYA BALIKA INTER COLLEGE JAIDPUR MSD  PALIKA,5,26.83163717,81.3259885
Barabanki,RAJKIYA U.M.V. SUBEHA,5,26.6338862,81.50201982
Barabanki,RAJKIYA U.M.V. MOHDIPUR  CHAKSAR,5,26.74202178,81.21433974
Barabanki,RAJKIYA INTER COLLEGE  SHABPUR      (MSDP),5,26.95717861,81.25406114
Barabanki,RAJKIYA INTER COLLEGE NINDURA,5,27.08419494,81.05322686
Barabanki,RAJKIYA U.M.V.  POKHRA,5,26.58665997,81.2986215
Barabanki,GOVT. GIRLS INTER COLLEGE FATEHPUR,5,25.92462099,80.80698336
Barabanki,GOVT. HIGH SCHOOL DANAPUR KAYAMPUR,5,26.88878169,81.55692625
Barabanki,GOVT. HIGH SCHOOL SAMARDA,5,27.16376273,81.09858301
Barabanki,RAJKIYA U.M.V. KABOOLPUR ,5,26.67533993,81.22177945
Sitapur,GOVT. H S SCHOOL   SIPAH  SITAPUR U.P,5,27.54574326,81.21820094
Sitapur,RAJKIYA U.M.V CHILVARA,5,27.57067102,80.66939514
Sitapur,Pt Deen Dayal Upadhyay Rajkiya Model  Inter College     Jadaura Pachdevra   Chaubepur  ,5,27.70904135,80.95476609
Sitapur,RAJKIYA BALIKA INTER COLLEGE  BISWAN,5,27.4977936,80.99354798
Sitapur,RAJKIYA BALIKA INTER COLLEGE  KHAIRABAD,5,27.58606302,80.7442397
Sitapur,G.I.C    NEELGAON,5,27.57069004,80.66942733
Sitapur,Pt Deen Dayal Upadhyay Rajkiya Model Inter College   Jajour,5,27.75157434,80.94759022
Sitapur,RAJKIYA UCHHTAR MADHYMAIK,5,27.59902747,80.65947179
Sitapur,RAJKIYA GIRLS INTER COLLEGE   SITAPUR,5,27.56425457,80.67019821
Sitapur,Pt Deen Dayal Upadhyay Rajkiya Model Inter College   Akvapur,5,27.46438008,81.06569324
Sitapur,RAJKIYA U.M.V. KYOTI   BADULLAH,5,27.46985079,80.96225196
Sitapur,GOVT GIRLS HIGH SCHOOL  MISRIKH,5,27.5049937,80.5237486
Sitapur,RAJKIYA BALIKA UCCHTAR MADHYAMIK SCH. BADHAIYA,5,27.34740011,81.02995127
Sitapur,RAJKIYA INTER COLLEGE   MACHHAREHTA,5,27.41196254,80.63211512
Sitapur,RAJKIYA U.M.V   GULHARIYA,5,27.4057618,81.13193334
Sitapur,RAJKIYA U.M.V. BHADFAR,5,27.86684052,80.97876908
Sitapur,Pt Deen Dayal Upadhyay Rajkiya Model  Inter College    Patwara,5,27.69575217,80.95464808
Sitapur,RAJKIYA BALIKA INTER COLLEGE  LAHARPUR,5,27.70892454,80.89507555
Sitapur,RAJKIYA U.M.V  BANIAMAU,5,27.39468165,80.70134324
Sitapur,GGIC  MAHMOODABAD,5,27.29275097,81.12077132
Sitapur,GOVT  GIRLS  INTER COLLEGE     NERI ,5,27.70500432,80.39596003
Sitapur,RAJKIYA U.M.V      MOHARNIYA,5,27.72407917,80.40121108
Sitapur,"Govt. Inter College, Beehatgaur",5,27.5585922,80.4899804
Sitapur,RAJKIYA BALIKA INTER COLLEGE  MAHOLI,5,27.37579651,80.83016134
Sitapur,RAJKIYA INTER COLLEGE    SANDA,5,27.58031773,81.0609762
Sitapur,G G H S Bithauli,5,,
Sitapur,G G H S Imliya Sultanpur,5,27.68360142,80.65390915
Sitapur,GOVT. SECONDARY SCHOOL   RIHAR,5,27.73168612,81.08157685
Sitapur,RAJKIYA INTER COLLEGE RAMPUR MATHURA,5,27.42044038,81.31017325
Sitapur,RAJKIYA U.M.V BHITKURA,5,25.95134178,80.76168907
Sitapur,GOVT. HIGH SCHOOL SALARPUR,5,28.2018238,81.31487279
Lakhimpur Kheri,Govt. H  S Katkusuma,5,27.86201254,80.92651453
Lakhimpur Kheri,GOVT. H.S. PIPRI CHOURAHA,5,27.93501674,80.77286114
Lakhimpur Kheri,Govt. Girls I C   Kheri Town,5,27.89642588,80.79830779
Lakhimpur Kheri,GOVT. INTER COLLEGE   DHAURAHARA,5,28.0064915,81.09676974
Lakhimpur Kheri,GOVT.GIRLS  INTER COLLEGE   DHAURAHARA,5,27.99416257,81.09687287
Lakhimpur Kheri,"Govt, h s  hasanpur   katauli",5,27.81841592,81.22239342
Lakhimpur Kheri,Govt H S   Lakhun,5,27.96764665,80.78873243
Lakhimpur Kheri,Govt H S    Jethara,5,27.85350915,81.13910616
Lakhimpur Kheri,"Govt, High School   sarpatha",5,27.83816481,81.17198719
Lakhimpur Kheri,GOVT. HS  AHMAD NAGAR,5,28.08954409,80.41874069
Lakhimpur Kheri,Govt    H  S   Ganeshpur,5,27.87205033,81.20230161
Lakhimpur Kheri,Govt    H  S    Magdapur,5,27.90390509,80.3349607
Lakhimpur Kheri,GOVT. H S   NAKARA,5,27.83536656,80.35202471
Lakhimpur Kheri,GOVT. H S   BHEEKHAMPUR,5,28.10200605,80.41839791
Lakhimpur Kheri,GOVT. H S   KAKARHA,5,27.77290609,80.50862497
Lakhimpur Kheri,Govt. H S  khairi Garh,5,27.94698186,80.77891192
Lakhimpur Kheri,Govt. girls inter college   Mohammadi kheri,5,27.89970472,80.79704168
Lakhimpur Kheri,G.H.S. BUDHA PALIYA KHERI,5,,
Lakhimpur Kheri,G.H.S. TIKONA FORM,5,28.32464864,80.71690421
Lakhimpur Kheri,Govt    H  S   Ajan,5,28.00516041,80.47858183
Lakhimpur Kheri,Govt    H  S    MOHAMMADABAD,5,27.95960412,80.42351133
Lakhimpur Kheri,GOVT. H.S S JAITI,5,27.90528185,80.273977
Lakhimpur Kheri,GPCT. H S LILARA,5,,
Lakhimpur Kheri,GOVT. H S  CHURAIPURWA,5,,
Lakhimpur Kheri,Pt Deen Dayal Upadhyay Inter Goct.Model inter cllege  Ladhauri   Nighasan  college,5,28.2431821,80.79123684
Kanpur,GIC HS SCHOOL   KHERSA,5,26.31626629,80.28485999
Kanpur,RAJKIYA HIGH SCHOOL  BIBPUR  BILHAUR,5,,
Kanpur,GOVT. HIGH SCHOOL  ,5,26.44708394,80.31354011
Kanpur,GOVT. HIGH SCHOOL    BAIKUNTHPUR,5,26.56457811,80.2554091
Kanpur,GOVT. BALIKA I.C. CHUNNIGANJ,5,26.47832915,80.33595405
Kanpur,GOVT. HIGH SCHOOL  KORTHA,5,26.46730224,80.3400244
Kanpur,RAJKIYA HIGH SCHOOL  RADHAN  BILHAUR,5,26.74134754,80.12195997
Kanpur,GOVT. HIGH SCHOOL   UTTANPUR,5,26.83252479,79.98920369
Kanpur,GOVT. HIGH SCHOOL    JAHANGIRABAD,5,26.19514765,80.18190712
Kanpur,GOVT. HIGH SCHOOL  ,5,26.44708394,80.31354011
Kanpur,G.G.I.C,5,26.47524655,80.33905487
Kanpur,GOVT. INTER COLLEGE,5,26.47859806,80.33584677
Kanpur,GOVT. HIGH SCHOOL    TILSAHRI  BUJURG,5,26.4671773,80.34004577
Kanpur,GOVT. HIGH SCHOOL    KASIMPUR,5,25.95797509,80.17365911
Kanpur,GOVT. HIGH SCHOOL BEERA MAU,5,26.68647149,80.06647482
Banda,GOVT. BALIKA I C BABERU,5,25.56803469,80.70356937
Banda,G.I.C. MATAUNDH,5,25.44366963,80.15928009
Banda,GOVT. HIGHER SECH. MATHAUDA,5,,
Banda,GOVT. HIGHER SECH. KARAHIA,5,25.58690352,80.36145475
Banda,PT. DEENDAYAL UPADHYAY RAJKEEY MODEL INTER COLLEGE PACHNEHI,5,,
Banda,G.G.I.C. BISANDA,5,25.47717343,80.33239158
Banda,G.G.I.C. KORAHI,5,25.39914775,80.67986353
Banda,GOVT. HIGH SCHOOL   BARETHA,5,,
Banda,GOVT. HIGH SCHOOL   GADARIA,5,25.77701454,80.30154355
Banda,GOVT. HIGH SCHOOL    BADO BUJURG,5,25.36038667,80.37560912
Banda,GOVT. INTER COLLEGE  BILGAW,5,25.42778148,80.51492634
Banda,GOVT. HIGH SCHOOL   PAKHARAULI,5,26.05404653,81.0700814
Banda,GOVT. HIGH SCHOOL    GUMAI,5,25.29165068,80.52509768
Banda,G.G.I.C.   ATARRA,5,25.2812406,80.58896638
Banda,G.G.I.C.   KARTAL,5,25.07172961,80.33131906
Banda,G.G.I.C.   TINDWARI,5,25.47810225,80.33043869
Banda,G.I.C. FATEH GANJ,5,26.77255405,82.14312279
Banda,GOVT. HIGH SCHOOL   JABARAPUR,5,25.17050459,80.63826941
Banda,GOVT. HIGH SCHOOL   BHADEHDU,5,25.68202782,80.66389924
Banda,GOVT. HIGH SCHOOL   BARUA  KALINGER,5,25.18792215,80.47292288
Banda,G.I.C        PAILANI,5,25.75963222,80.42501265
Banda,GOVT. HIGH SCHOOL   JAMUWAN,5,25.61608911,80.52619355
Banda,GOVT. HIGH SCHOOL    AMLIKAUR,5,25.68609347,80.660972
Banda,Govt. High School  Ahar,5,25.51891639,80.637043
Banda,GOVT. HIGH SCHOOL   CHARKA,5,25.47818892,80.34146918
Ayodhya,"GOVT BALIKA INTER COLLEGE, GAHNAG",5,26.64971132,81.84840901
Ayodhya,TULSI G.G.I.C    AYODHYA,5,26.80481591,82.20324745
Ayodhya,"GOVT GIRLS HIGHER SEC, SCHOOL",5,26.77090763,82.13336252
Ayodhya,G G I C  FAIZABAD,5,26.7715107,82.13343757
Ayodhya,RAJKIYA INTER COLLEGE  FAIZABAD,5,26.77289801,82.14310118
Ayodhya,RAJKIYA INTER COLLEGE  ,5,26.79293658,82.1998517
Ayodhya,GGIC  GAUHANIYA ,5,26.7237233,82.04436679
Ayodhya,GOVT HIGH SCHOOL SUJAGANJ  RUDAULI  ,5,26.7669893,81.75091782
Ayodhya,G.G.I.C  SALONIYA   SOHAWAL,5,26.73730779,81.94489505
Ayodhya,G .G.H.S. SCHOOL TAROON,5,26.55646052,82.3248085
Hardoi,G.H.S.S. JAJUPUR,5,27.34826719,80.35525427
Hardoi,GOVT. H S  S  BAHERIA  BAHARAWAN,5,27.18921132,80.6119251
Hardoi,PT DEEN DAYAL UPADHYAY RAJIYA MODEL INTER COLLEGE      KHASRAUL,5,27.14988172,80.70842082
Hardoi,GOVT. GIRLS INTER COLLEGE,5,27.39612863,80.1307187
Hardoi,GOVT. H S S     RAHULA   BILGRAM ,5,27.125179,80.0348778
Hardoi,"GOVT. HIGHER SCONDARY SCHOOL, GOPAMAU",5,27.62410716,80.19674467
Hardoi,GANJ JALALABAD    G H S ,5,,
Hardoi,SHIV SINGH PURWA    GHS,5,27.39873491,80.14703937
Hardoi,PT DEEN DAYAL UPADHYAY RAJIYA MODEL INTER COLLEGE   SIKROHARI,5,27.40367256,80.25436827
Hardoi,GOVT H S S MANIKPUR,5,,
Hardoi,GOVT  GIRL INTER COLLEGE,5,27.39609053,80.13074016
Hardoi,GOVT GIRLS UCH.MA.SCH.  PALI,5,27.54239871,79.83989496
Hardoi,R.U.M.V.  INAYATPUR,5,27.13669087,80.42698959
Hardoi,GOVT  I C  TANDIYAWAN,5,27.43957268,80.23897117
Hardoi,GHS Dhanwar,5,27.61000491,80.04186858
Agra,GOVT HSS BATESHWAR BAH,5,26.93659219,78.545146
Agra,"GOVT. HIGH SCHOOL, GANGRAUA",5,27.09272695,78.05139179
Agra,"PT.DEENDAYAL UPADHYAY GOVT,
I.C BIJHAMAI",5,27.14398791,78.13585333
Agra,RAJKIYA HIGH SCHOOL DIGNER,5,27.07773504,78.08862225
Agra,RAJKIYA HIGH SCHOOL BAHRAMPUR,5,27.2785084,78.1051286
Agra,RAJKIYA HIGH SCHOOL MITAWALI,5,27.28583561,78.19769778
Agra,GOVT.U.M.V.KACHHP URA,5,27.18238495,78.03988761
Agra,"GOVT. HIGH SCHOOL, JAUHARI",5,27.1815761,77.9958267
Agra,"PT. DEENDAYAL UPADHYAY GOVT. MODELI,CSEMRA",5,27.32371606,78.0594802
Agra,RAJKIYA HIGH SCHOOL KHEDA HAZIPUR,5,27.3234295,78.00610746
Agra,RAJKIYA HIGH SCHOOL SAIMRA,5,27.33729905,78.05819961
Agra,RAJKIYA HIGH SCHOOL SAVORA,5,27.18295107,77.99522501
Agra,"GOVT. HIGH SCHOOL, JAI NAGAR",5,27.09596572,78.18073975
Agra,RAJKIYA HIGH SCHOOL KOLARA KALAN,5,27.0863965,78.16860451
Agra,"GOVT. HIGH SCHOOL, BASTAI",5,27.229652,77.77796084
Agra,PT.DEENDAYAL UPAOHYAY GOVT. MODEL I.C SANDHAN,5,27.22774232,77.71401032
Agra,RAJKIYA KANYA INTER COLLEGE,5,27.34922572,78.13100969
Agra,GOVT.HIGH SCHOOL BALHERA AKOLA,5,27.56538991,77.83550383
Agra,PT.DEENDAYAL UPADHYAY GOVT. MODEL I.C MIDAKUR,5,27.16890849,77.86659936
Agra,GOVT HSS CHAUMA SHAPUR F.SIKARI,5,27.14414192,77.63424744
Agra,RAJKIYA HIGH SCHOOL CHANDSAURA,5,27.39099852,79.8451392
Agra,PT. DEENDAYAL UPADHYAY GOVT. MODEL I.C MANKAIDA,5,27.08820091,77.91832239
Agra,G.G.I.C.NAINANA JAT,5,27.12042687,77.9983056
Agra,"GOVT J.S.H.,KHERAGARH",5,26.96472774,77.84240961
Agra,GOVT. HIGH SCHOOL KHUSHAPUR,5,27.2155552,77.99598419
Aligarh,RAJKEYA KANYA INTER COLLEGE CHANDAULA,5,27.88622131,78.06794929
Aligarh,KIRAN DEVI RAJKEYA INTER COLLEGE BAMOTI,5,27.98888353,77.85664457
Aligarh,Pt Deendayal UpadhYay Govt Model Inter College,5,28.11850801,77.8825474
Aligarh,RAJKEYA HIGH SCHOOL PORAI CHANDAUS,5,28.08082997,77.85975991
Aligarh,RAJKEYA KANYA INTER COLLEGE DEORAU MOD,5,28.0744177,77.93668198
Aligarh,RAJKEYA HIGH SCHOOL RAHSUPUR DHANIPUR,5,27.87122211,78.11115667
Aligarh,GAYATRI DEVI (RAJKEY INTER COLLEGE GORAI,5,27.71055474,77.85291625
Aligarh,Pt Deendayal Upadhyay Govt Model Inter Tamotia,5,28.1002896,77.88491485
Aligarh,GOVT. HIGH SCHOOL JAWAR,5,27.5952058,77.91042156
Aligarh,RAJKEY KANYA INTER COLLEGE,5,28.00444612,78.2330056
Aligarh,RAJKEY KANYA INTER COLLEGE GODHA JAWAN,5,28.06049676,78.17798324
Aligarh,Pt Deendayal Upadhyay Govt Model Inter kherasattu,5,28.10028013,77.88492558
Aligarh,RAJKEYA INTER COLLEGE AHROLA KHAIR,5,27.92049854,77.7557102
Aligarh,RAJKEYA HIGH SCHOOL SINGHARPUR,5,27.83117135,78.03166578
Aligarh,NAURANGI LAL RAJKIYA INTER COLLEGE,5,27.89464173,78.07275903
Aligarh,RAJKEYA KANYA INTER COLLECE,5,28.00262737,78.23278716
Aligarh,RAJKEYA KANYA INTER COLLEGE ATRAULI,5,28.03006849,78.28462563
Aligarh,SMT RZVATI GOYAL JATTARI kAJKE'fA KANYA I.C. JATTA,5,28.05128761,77.65634799
Aligarh,RAJKEYA INTER COLLEGE SAHNOL ATRAULI,5,28.10628732,78.27294192
Aligarh,RAJKEYA KANYA ENTER COLLEGE NARONA,5,27.99949181,78.23296268
Aligarh,GHS PIPLAUTH,5,28.03352193,78.020954
Aligarh,RAJKEYA KANYA INTER COLLEGE CHHARA,5,27.92516207,78.40200043
Ambedkar Nagar,SAVITRI BAI FULE GOVT. GIRLS INTER COLLEGE,5,26.44334192,82.62197334
Ambedkar Nagar,GOVT HIGHER SEC SCH LAKHANPUR,5,26.67821382,82.72926563
Ambedkar Nagar,GOVT GIRLS INTER COLLEGE TENDUAI KALA,5,26.35424758,83.0231006
Ambedkar Nagar,GOVT GIRLS HIGH SCHOOL AHIRAULI RANI MAU,5,26.37981522,83.04422028
Ambedkar Nagar,GOVT G INTER COLLEGE JALALPUR,5,26.3165051,82.74335262
Ambedkar Nagar,GOVT HIGHER DEC SCH BAREPUR,5,26.35342003,82.67835672
Ambedkar Nagar,GOVT I-IIGHERSEC SCH PAHITIPUR,5,26.41262633,82.4726431
Ambedkar Nagar,"GOVT GIRLS INTER COLLEGE
TANDA",5,26.54723061,82.66451914
Amethi,RAJKIYE HIGH SCHOOL,5,26.51615052,81.69485657
Amethi,GIC JAIS,5,26.16649909,81.80903828
Amethi,GGIC JAGDISHPUR,5,26.37157982,81.66412352
Amethi,RAJKIY INTER COLLGE INHAUNA,5,26.5269371,81.48683695
Amethi,GGIC AMETHI,5,26.3778469,81.66342615
Amethi,PC DeendayaL Upadhayay Govt Model Inter College Udawa,5,26.31707266,81.46240815
Amethi,GGIC SONARI KALAN,5,26.12913507,81.90937574
Amethi,GGIC JAMO,5,26.37162788,81.6641128
Amethi,UMA RAMAN INTER COLLEGE,5,26.37127001,81.66471533
Amethi,GGIC MUSAFIRKHANA,5,26.37496704,81.80227969
Amethi,RAJKIYA HIGH SCHOOL KANJAS,5,26.41073104,81.74044967
Amethi,RAJKIYA HIGH SCHOOL,5,26.50705158,81.69216325
Amethi,GGIC SHUKUL BAZAR,5,26.37692417,81.66376947
Amethi,RAJK|YA GHS CMOOLS|NGHPUR,5,26.48490765,81.44281642
Amethi,RAJKIYA INTER COLLEGE RAJA PF,5,26.47898026,81.4928541
Auraiya,GOVT. GIRL INTER COLLECE DIBIYAPUR,5,26.63024947,79.5499475
Auraiya,GOVT. GIRLS INTER COLLEGE BIDHUNA,5,26.79993275,79.50925941
Auraiya,"GOVT GIRLS INTER COLLEGE
SAHAR AURAIYA",5,26.46047181,79.51099031
Azamgarh,"GOVT B,I.COLLEGE RAIDOPUR",5,26.05959849,83.18903688
Azamgarh,GOVT.GIRLS INTER COLLEGE BAGWAR,5,26.16362338,83.23747103
Azamgarh,MAHANT RAMASHRYA OAS GOVT. I.C.,5,25.77598826,83.35149912
Azamgarh,RAJKIYA U.M.V. KANAILA,5,26.37061627,82.92593676
Azamgarh,G.G.I.C.DEVGAON,5,26.05647134,83.1861943
Azamgarh,G.G.I.C. KATGHAR LALGANJ,5,25.79811287,83.00107628
Azamgarh,"GOVTABHINAV SCHOOL, TERAHI",5,26.21845508,83.08717907
Azamgarh,GOVY. GIRLS H.S. SCHOOL PAWAI,5,26.1954753,82.72934153
Azamgarh,"R,B.U.M.V. BARAWANLALGANJ",5,,
Azamgarh,GOVT GIRLS I.C. ASHWANIYA,5,25.82999078,82.89077416
Bagpat,G.H.S AHERA,5,28.92964697,77.26707314
Bagpat,"G,H.S FATEHPUR POOTHI",5,29.06646441,77.34223607
Bagpat,GIC JAHANGARH DAUJHA,5,29.04422762,77.31233511
Bagpat,G.G.I.C. BAVLI,5,29.14301125,77.26852982
Bagpat,G.G.I.C BAROUT,5,29.16722046,77.27239278
Bagpat,G.G.I.C. DAHA,5,29.2199699,77.40972188
Bagpat,G.H.S MAVIKALAN,5,29.02211995,77.43990884
Bagpat,G.G.I.C TUGANA,5,28.95920808,77.21711089
Bagpat,G.H.S GONA,5,28.83810065,77.38491903
Bahraich,"R.H. SCHOOL PAKDiYA DIWAN""",5,27.94049835,81.40868627
Bahraich,GOVT. HIGH SCHOOL BAUNDI,5,27.45686445,81.39207909
Bahraich,GIC BHAGADWA BAZAR HUJURPUR,5,27.3575404,81.66672495
Bahraich,R H SCHOOL CHAKUJOT,5,27.47870148,81.62949958
Bahraich,GOVT. INTER COLLEGE KAISER GANJ,5,27.25009679,81.54339584
Bahraich,R H SCHOOL BADRAULI,5,27.30246015,81.50905193
Bahraich,R.H. SCHOOL RAMPURWA MATEHI,5,28.23356231,81.18782052
Bahraich,GOVT INTER COLLEGE LAKHAÏYA KALAN,5,27.60488747,81.60153085
Bahraich,GOVT.G. INTER COLLEGE NAWAB GANJ,5,28.54540377,79.62566517
Bahraich,"MAMRAJ GOV. GIRLS H.S.
SCHQQL",5,27.4069021,81.77506165
Bahraich,GOVT HIGH SCHOOL TEDAVA SISTIPUR,5,,
Bahraich,R H SCHOOL GANGA JAMUNI VISHESHWARGANJ,5,27.57106593,81.59797095
Bahraich,"R H SCHOOL SAMSA TARHAR
CHITTAURA",5,27.65083713,81.59830028
Balliya,G.G.I.C. BAIRIA,5,25.76721655,84.4927745
Balliya,GIC BALLIA,5,25.75310151,84.14782764
Balliya,RAJKIYA U M V KEWRA,5,25.85484617,84.26723314
Balliya,RAJKIYA H S RUDRAPUR,5,25.78850954,84.38895969
Balliya,PRABHAVATI DS GGIC J P NAGAR,5,25.78292763,84.17523024
Balliya,G.G.I.C CHITBARAGAON,5,25.74328202,84.00928464
Balliya,RAJKIYE U M VIDALAY HAJAULI,5,25.86288821,83.95500646
Balliya,RAJKIYE UPS JAGDISHPUR,5,25.7531067,84.1484484
Balrampur,GOVT. INTER COLLEGE GAINSARI,5,26.3132202,82.05764195
Balrampur,"GOVT HIGH SCHOOL DEVRIYA
MUBARAKPUR",5,27.37513454,82.27022742
Balrampur,"GOVT. INTER COLLEGE
DARICHAURA",5,27.36590492,82.33260536
Balrampur,GOVT HIGH SCHOOL BAGHEL,5,27.40201444,82.27616328
Balrampur,GOVT HIGH SVHOOL CHAMRUPUR,5,27.41207202,82.29353121
Balrampur,GOVT SEC SCHOOL MAHARJGANJ TARAI,5,27.76489799,82.18034886
Bareilly,PT DEENDYAL UPAOHYAY RAJKIYA MODEL INTER COLLEGE BEBAL BASANTPUR BHUTA BAREILLY,5,28.25352503,79.68051143
Bareilly,GOVT. HIGH SCHOOL AURANGABA,5,28.39970799,79.45912008
Bareilly,GOVT. HIGH SCHOOL SHIVPURI,5,28.11878561,79.56522658
Bareilly,GOVT. HIGH SCHOOL NAVI NAGAR,5,28.41398549,79.38404623
Bareilly,PT DEENDYAL UPADHYAY RAJKIYA MODELINTER COLLEGE CHAIBARI KYARA BAREILLY,5,28.29171566,79.38806484
Bareilly,GOVT. INTER COLLEGE,5,28.36405339,79.41463541
Bareilly,SAMAJVADI ABHIYAV VIDYALAY ATARCHHERI,5,28.57884319,78.70568659
Bareilly,GOVT. GIRLS INTER COLLEGE NAWABGANJ,5,28.5453378,79.6256008
Bareilly,PT DEENDYAL UPADHYAY RAJKIYA MODEL INTER COLLEGE TAYARJAGIR NAWABGANJ BAREILLY,5,28.61314668,79.61054768
Bareilly,GOVT. GIRLS INTER COLLEGE AONLA,5,28.27483135,79.16937515
Bareilly,GOVT. SEC. SCHOOL KHULI,5,28.20538865,79.26696975
Bareilly,PT DEENDYAL UPADHYAY RAJKIYA MODEL INTER COLLEGE ALAHIYA BHADPURA NAWABGANJ BAREILLY,5,28.42725777,79.60355669
Bareilly,GOVT. HIGH SCHOOL ALINAGAR,5,28.65078216,78.67846598
Bareilly,GOVT. HIGH SCHOOL DALPATPUR,5,28.1922021,79.32587494
Bareilly,GOVT. SEC. SCHOOL SIMARA KESHOPUR,5,28.25585097,79.61960979
Bareilly,GOVT INTER COLLEGE AGRAS,5,28.51756509,79.33964522
Bareilly,GOVT. HIGH SCHOOL PALPUR KAMALPUR,5,28.2819003,79.4464197
Bareilly,GOVT. HIGH SCHQOL BALLIYA,5,,
Bareilly,GOVT. HICH SCHOOL BADHEPURA,5,28.45948372,79.56359923
Bareilly,GOVT. HIGH SCHOOL BIJAMAU,5,28.49582297,79.64178181
Bareilly,GOVT. HIGH SCHOOL HARPUR MATKALI,5,28.46191426,79.58667716
Bareilly,GOVT. INTER COLLEGE,5,28.36405339,79.41463541
Bareilly,GOVT. HIGH SCHOOL BITHARI CHAINPUR,5,28.34372859,79.50754565
Bareilly,GOVT. SEC. SCHOOL AHILDAPUR,5,28.40693909,79.49198315
Bareilly,"PT DEENDYAL UPADHYAY RAJKIYA
MODEL INTER COLLEGE HARDASPUR RAMNAGAR AONLA BAREILLY",5,28.40631494,79.08046911
Basti,GOVT HR SEC KHAKUWA,5,26.76411425,82.78196681
Basti,GOVT HR SEC PIPRAHIA,5,,
Basti,GOVT KANYA INTER COL KACHIYA,5,26.9595859,82.58167332
Basti,PANDIT DEEN DAYAL UPADHYAY RAJKEEYA MODEL INTER COLLEGE SHRINGINAARI BASTI,5,26.88306253,82.40587526
Basti,PANDIT DEEN DAYAL UPADHYAY RAJKEEYA MOOEL INTER COLLEGE GOTHWA BASTI,5,,
Basti,GOVT KANYA INTER COLL BASTI,5,26.80173259,82.74058256
Basti,GOVT HR SEC KHALIL PATTI,5,26.68478621,82.65809346
Basti,GOVT INTER COLLEGE BASTI,5,26.79698932,82.74245787
Bijnor,RAIKIYA HIGH SCHOOL NARAYANA KHERI,5,29.22708598,78.36081827
Bijnor,GOVT GIRLS I.C. AFZALGARH,5,29.39182999,78.67890603
Bijnor,RAJKIYA ADARSH JANTA INTER COLLEGE SHAHPUR JAMAL,5,29.38894769,78.64635135
Bijnor,RAIKIYA HIGHI SCHOOL,5,29.25275094,78.28733303
Bijnor,RAKIYA INTER COLLEGE KUWDI PURA,5,29.36978227,78.14798946
Bijnor,RAJKEEYA CIRLS INTER COLLEGE JHALU,5,29.33221784,78.22068348
Bijnor,RAJKIYA HIGH1 SCHOOL (VISATH),5,,
Bijnor,GOVT.GRILS INTER COLLEGE LUHAR PURA,5,28.63336074,78.73495752
Bijnor,RAJKEEY INTER COLLEGE BEGAMPUR SHADI,5,29.47595991,78.35050988
Bijnor,RAJKIYA HIGH SCHOOL PADALA,5,29.29824611,78.35537288
Bijnor,GOVT GIRL INTER COLLEGE BARHNAPUA,5,29.52693062,78.53258908
Bijnor,"PANDIT DEENDYAL UPADHAYA RAJKIYA MODEL INTER COLLEGE
BENIPUR KOPA",5,29.53290378,78.50490145
Bijnor,PT DEENDAYAL UPADHAYA RAJKIYE MODELINTER COLLEGE SABALGARH BUNOR,5,29.38347748,77.99214672
Bijnor,RAJKIYA HIGH SCHOOL JATTIWALA,5,29.34618483,78.45109702
Bijnor,RAJKIYA INTER COLLEGE BHAGUWALA,5,29.70263208,78.24666651
Bijnor,GOVT INTER COLLEGE NAJIBABAD (NAGAR),5,29.60896511,78.33890221
Badaun,"GOVT. HIGH SCHOOL, SATAITI",5,,
Badaun,PT. Deendayal Upadhyay Govt Model Inter College Nagpur Noorpur,5,27.63343628,78.00839668
Badaun,"GOVT. INTER COLLEGE, NADHA BHOOR",5,28.22165286,78.70297758
Badaun,GOVT. HIGH SCHOOL JAGAT,5,27.96189332,79.24795777
Badaun,"GOVT. HIGH SCHOOL, KHUNAK",5,28.07175661,79.18405714
Badaun,"GOVT. INTER COLLEGE, GABHIYAI",5,27.92231481,79.18587409
Badaun,GOVT INTER COLLEGE CHAUDERA QADARCHOWK,5,28.02700119,79.13196872
Badaun,"COVT. INTER COLLECE,NIZAMPLIR",5,27.91148133,79.08123648
Badaun,Pt Deendayal Upadhyay Govt Model Inter College Arsis Barkhin,5,28.1855198,79.20590542
Badaun,"GOVT. HS SCHOOL,DEHMU",5,27.97823478,78.90316674
Badaun,"GOVT. HIGH SCHOOL, SOHI",5,28.14700407,78.04131843
Badaun,"GOVT. HIGH SCHOOL, KADER BARI",5,28.03077706,79.13054561
Badaun,"GOVT. HIGH SCHOOL, HANSIGANJ",5,28.19093234,79.35242597
Badaun,"GOVT. GIRLS INTER COLLEGE,SAIDPUR",5,25.53438518,83.2235046
Badaun,GOVT HIGH SCHOOL MAMOORGANJ,5,27.86242136,79.13307309
Badaun,GOVT HS SCHOOL KORERA,5,,
Bulandshahr,GOVT. GIRLS INTER COLLEGE,5,28.40397152,77.85694781
Bulandshahr,RAJKIYA H/S DHAMRAWALI,5,28.34067519,77.82567205
Bulandshahr,RAJKIYA HIGH SCH JALKHERA,5,28.33624086,77.85877209
Bulandshahr,RAJKIYA HIGH SCH KAJAMPUR DEVLI,5,28.44160293,77.8170825
Bulandshahr,GOVT HS KANHERA,5,28.40995286,77.8660667
Bulandshahr,GOVT. GIRLS INTER COLLEGE,5,28.40397152,77.85694781
Bulandshahr,PT DEENDAYAL UPADHYAY GOVT MODEL INTER KANHERA,5,28.10055787,77.88633399
Bulandshahr,RAJKIYA HIGH SCHOOL SATOHA,5,28.24208304,78.29462831
Bulandshahr,GOVT. GIRLS INTER COLLEGE PAHASU,5,28.17235915,78.06425908
Bulandshahr,G.G.I.C.,5,28.4039149,77.85693708
Bulandshahr,GOVT. GIRLS INTER COLLECE,5,28.40415614,77.8580804
Bulandshahr,RAJKIYA INTER COLLECE KAULSENA,5,28.34933481,77.85256781
Chandauli,GHS GARALA,5,25.02242963,83.21600809
Chandauli,GHS DEWARI KALA,5,25.06786878,83.32709789
Chandauli,GHS GOLABAD,5,24.84347468,83.25684469
Chandauli,GHS LAUWARI KALA,5,,
Chandauli,"GOVT. INTER COLLEGE NAUGARH""",5,24.92566885,83.25087835
Chandauli,GOVT. G.I.C. DIGHAWAT,5,25.20265313,83.18786805
Chandauli,GHS MUSAKHAND,5,25.04250614,83.27991143
Chitrakoot,G.I.C. GHURETANPUR,5,25.14513602,80.71836044
Chitrakoot,"GOVT. HlGH SCHOOL RAULI
KALYANPUR",5,25.21887997,80.72196319
Chitrakoot,GOVT. HIGH SCHOOL SHIVRAMPUR,5,25.49239178,82.96609965
Chitrakoot,G.G.I.C KARWI,5,25.21202124,80.91512339
Chitrakoot,G.G.I.C. MANIKPUR,5,25.76090919,81.41884087
Chitrakoot,PT DEEN DAYAL UPADHYAY GOVT MODELI C UNCHADEEH CHITRAKOOT,5,25.1528999,80.85640647
Chitrakoot,G.I.C. BARGARH,5,25.15735023,81.44898995
Chitrakoot,GOVT. HIGH SCHOOL BIYAWAL,5,25.34587799,81.35389157
Chitrakoot,GOVT. HIGH SCHOOL MANDAUR,5,25.4672281,81.04927312
Chitrakoot,GOVT. HIGH SCHOOL MURKA,5,25.19871585,81.51041752
Chitrakoot,GOVT. HIGH SCNOOL ASHOH,5,25.30023171,80.94034071
Chitrakoot,GOVT. HIGH SCHOOL SIRAWAL,5,24.94065182,82.20913345
Chitrakoot,Government High School Semriya,5,25.25188074,81.01695565
Deoria,KASTUEBA RAJKIY GIRIS INTER COLLEGE DEORIA,5,26.76410227,83.79137602
Deoria,PT DEEN DAYAL UPADHYAY IC TILA TALI DESAHI DEORIA DEORJA,5,26.50542144,83.79153821
Etah,CHAMPADEVI G.G.I.C RAJA KA RAMPUR,5,27.56532771,79.16829654
Etah,PANDIT DEEN DAYAL UPADHAYAY GOVT MODEL INTER COLLEGE M NAGAR BAJHERA ETAH,5,27.60748842,79.14798072
Etah,PANDIT DEEN DAYAL UPADHAYAY GOVT MODEL INTER COLLEGE ISAULI ETAH,5,27.38759267,78.37998234
Etah,GOVERNMENT HIGH SCHOOL LALPUR JAHANGIRABAD,5,27.42244427,78.96332095
Etah,RAJKIYA BALIKA INTER COLLEGE JALESAR,5,27.51046463,78.30148087
Etah,GOVT. H.S NAGLA MANDHATI (SARNU),5,27.64521939,78.65713458
Etah,G.G.I COLLEGE BAKALPUR,5,27.00306961,77.82158876
Etah,GOVERNMENT GIRLS INTER COLLEGE RAM NAGAR,5,27.56424856,78.65507931
Etah,PT. DEEN DAYAL UPADHYAY GOVT MODEL INTER GAHARANA ETAH,5,27.52831218,78.4808917
Etah,PANDIT DEEN DAYAL UPADHYAY GOVT MODEL INTER COLLEGE MALAWAN ETAH,5,27.47439216,78.84140809
Etah,GOV. GIRLS INTER COLLEGE SHEETAL PUR,5,27.65270216,78.64454271
Etah,GOVERNMENT HIGH SCHOOL KASON NIJAMPUR,5,27.59642214,78.76534207
Etah,PANDIT DEEN DAYAL UPADHYAY GOVT MODEL INTER JIRSIMI ETAH,5,27.60761898,78.7139604
Etawah,GOVT GIRLS lNTER COLLEGE UDDI,5,26.71431346,78.95131498
Etawah,GOVT UMV SAMASPURA ETAWAH,5,26.72642961,79.1752593
Etawah,GOVT UMV IMLIA,5,,
Etawah,GOVT. GIRLS INTER COLLEGE CHAKARNAGAR,5,26.78388002,79.01491375
Etawah,GOVT INTER COLLEGE ETAWAH,5,26.78353042,79.02243195
Etawah,GOVT INTER COLLEGE DHARWAR ETAWAH,5,26.92488914,78.84617833
Etawah,GOVT GHS BAUTH,5,26.80428454,79.00654774
Etawah,GOVT UMV LUDHIYANI,5,26.80464659,79.00696323
Etawah,AMITAB BACHCHAN GOVT. INTER COLLEGE SAIFAI,5,26.95498557,78.9642785
Etawah,GOVT GIRLS INTER COLLECE SAIFAI,5,26.95579752,78.96063754
Farrukhabad,RAJKEY BALIKA INTER COLLEGE FATEHGARH,5,27.38190667,79.6291937
Farrukhabad,RAJKEY INTER COLLEGE FARRUKHABAD,5,27.382765,79.59403294
Farrukhabad,Pt Deendayal Upadhyay Govt Model College Kankapur,5,27.42922077,79.65289861
Farrukhabad,Pt Deendayal Upadhyay Govt Model Inter Roshanabad,5,27.35940369,79.57018608
Farrukhabad,RAM DARSHANI RAJKEEYA INTER COLLEGE,5,27.3828698,79.59455865
Fatehpur,PT D D U GOVT MODEL INTER COLLEGE AILAI,5,25.96228153,80.8523896
Fatehpur,RAJKIYE U M V KORRA KANAK,5,25.78735236,80.58273323
Fatehpur,Pt Deendayal Upadhyay Govt Model Inter College Bahua,5,25.82260851,80.61008731
Fatehpur,Pt Deendayal Upadhyay Govt. Model Inter College Latifpur,5,25.94689055,80.91388962
Fatehpur,RAJKIYE BALIKA I.C. HUSAINGANJ,5,26.04849668,80.93877368
Fatehpur,RAJKIYE U M V KUSUMBHI,5,25.94414756,81.21787304
Fatehpur,RAJKIYE U.M.VIDAYALAYE AKBARPUR CHAURAI,5,25.93926576,81.15545515
Fatehpur,RAJKIYE BALIKA I.C.MALWA,5,26.03548112,80.70620026
Fatehpur,RAJKIYE BALIKA I.C. SAHILI,5,25.93223287,80.6833252
Fatehpur,RAJKIYE U M V RAWATPUR,5,25.9409068,80.81321346
Fatehpur,RAJKIYE I.C. ARJUNPUR GADHA,5,25.64232907,81.0362187
Fatehpur,RAJKIYE U M V TENI,5,25.78929043,81.03453804
Fatehpur,RAJKIYE U M V AJMATPUR,5,25.8687747,80.59662416
Firozabad,GOVT. HIGH SCHOOL SOTHARA,5,27.07864108,78.75360987
Firozabad,GOVT. HIGH SCHOOL BASAI MUHAMMAD PUR,5,27.08256774,78.40433555
Firozabad,GOVT. GIRLS INTER COLLECE JASRANA 1067,5,27.23158081,78.64837035
Firozabad,GOVT. GIRLS INTER COLLEGE NAGAL BALL MADANPUR FZD 1524,5,27.04214384,78.7096307
Firozabad,GOVT. GIRLS INTER COLLEGE 1014,5,27.28012244,78.22681135
Firozabad,GOVT. HIGH SCHOOL KARIKHEDA 1392,5,27.01953439,78.76176901
Firozabad,GOVT HIGH SCHOOL NAGLA PAR 1390,5,27.15568953,78.40675748
GB Nagar,RAJKIYA GHS SHADIPUR CHHIDOULI,5,28.6533499,77.55027986
GB Nagar,PT D U GOVT MODEL INTER COLLEGE CHITI,5,28.41775236,77.66741715
GB Nagar,GOVT GIRLS INTER COLLECE HOSHYARPUR,5,28.58398202,77.37262683
GB Nagar,RAJKIYA UMV CHJARSI,5,28.63212576,77.39052157
Ghaziabad,GOVT. HIGH SCHOOL SOTHARA,5,27.07860287,78.75366351
Ghaziabad,GOVT. HIGH SCHOOL BASAI MUHAMMADPUR,5,27.08283455,78.4079516
Ghaziabad,GOVT. GIRLS INTER COLLECE JASRANA 1067,5,27.22970743,78.64812963
Ghaziabad,GOVT. GIRLS INTER COLLEGE NAGAL BALL MADANPUR FZD 1524,5,28.72773203,77.40499041
Ghaziabad,GOVT. GIRLS INTER COLLEGE 1014,5,28.64665116,77.42559984
Ghaziabad,GOVT. HIGH SCHOOL KARIKHEDA 1392,5,28.68817345,77.3826866
Ghaziabad,GOVT HIGH SCHOOL NAGLA PAR 1390,5,28.75110897,77.4061133
Ghazipur,GOVT.G.I.C.GAHMAR,5,25.57918766,83.57571547
Ghazipur,GOVERNMENT HIGH INTER COLLEGE,5,25.56454461,83.6454152
Ghazipur,GOVT. U.M.V. KATARIYA,5,25.68943014,83.7929837
Ghazipur,GOVT. GIRLS I.C. MUBARAKPUR GANGAULI,5,25.74597961,83.7052886
Ghazipur,GOVT. U.M.V. SAURI,5,25.6305983,83.37576855
Ghazipur,GOVT. GIRLS INTER COLLEGE MOHAMMADABAD,5,25.61700608,83.75346113
Ghazipur,C.G.I.C.MAHUABAGH GHAZIPUR,5,25.59183941,83.57352086
Ghazipur,GOVT. GIRLS I.C. SADAT,5,25.67419603,83.29988617
Ghazipur,G.G.I.C. RAMPUR,5,28.79859471,79.03864546
Ghazipur,G.G.I.C. SAIDPUR,5,25.53543307,83.22334639
Ghazipur,GOVT. GIRLS I.C. ZAMANIA,5,25.41499124,83.56013417
Gonda,"G.C,I.C.MASKANWA",5,27.00116311,82.33501817
Gonda,FAQRUDOIN ALI AHMAO G.I.C.,5,27.13532329,81.96199851
Gonda,ABHINAV VIDYALAY KANSAPUR,5,27.05121778,81.96574798
Gonda,G.H.S. MACHCHLI GAON,5,27.0780372,82.19635839
Gonda,G.H.S. GILAULI,5,27.219868,81.99839999
Gonda,G.HP. MUNDERWA MAFI,5,27.21066306,81.95629727
Gorakhpur,GOVT INTER COLLEGE BANSGAON,5,26.55510993,83.34379508
Gorakhpur,RAJKIY H. SCHOOL RAJAHIE CHARGANWA,5,26.81555186,83.38011887
Gorakhpur,SMT CHAMPA DEVI RAJKIY I C HARNHIE,5,26.63821443,83.23826732
Gorakhpur,Govt. High School Badi Retawahiya,5,26.81567561,83.49612169
Gorakhpur,SAMAJWADI ABHNAV VIDYALAY NETWAR BAZAR,5,26.98738731,83.24186325
Hamirpur,PT DEENDYAL UPADHAYA GOVT MODEL INTER COLLEGE KURARA,5,25.98116983,79.98126329
Hamirpur,GGIC SISOLAR,5,25.66823088,80.24642257
Hamirpur,GOVT HS PATANPUR,5,25.76177948,80.04433344
Hamirpur,GGIC MAUDAHA,5,25.68559415,80.11094457
Hamirpur,GOVT. GIRL IC RATH,5,25.60873869,79.56908664
Hamirpur,GIC SARILA,5,25.77193133,79.67657861
Hamirpur,GOVT HS CHANDAUT,5,25.89058929,79.65329371
Hamirpur,GGIC SUMERPUR,5,25.82434394,80.17111329
Hamirpur,GOVT HSS TERHA,5,25.83011132,80.24753088
Hamirpur,PT DEENDYAL UPADHAYA GOVT INTER COLLEGE TEDHA,5,25.82369741,80.24332495
Hamirpur,GOVT HS BERI,5,25.90755368,79.89619412
Hamirpur,GOVT HS BILAUTA,5,26.05135442,80.00057419
Hamirpur,GOVT HIGH SCHOOL DHAMNA,5,25.55678197,78.81431919
Hapur,GOVT HR SEC VIDYALYA HASANPUR LODA,5,29.99785577,77.28859558
Hapur,GOVT ENTER COLLAGE BAGARPUR GARH,5,28.78858495,77.85437913
Hapur,COVERENMENT INTER COLLEGE MURSHADPUR HAPUR,5,28.67214154,77.78844882
Hapur,GOVT H SEC LAL PUR,5,28.73137895,77.82043248
Hapur,GOVT INTER COLLAGE BARODA HINDUWAN,5,28.73382494,77.69081163
Hapur,GOVT HR SEC VIDYALAY HIMMATPUR,5,28.78014434,77.95694178
Hathras,GOV HIGH SCHOOL GANGAPUR,5,27.70358674,78.28346953
Hathras,GOVERMENT HIGH SCHOOL BASTOI,5,27.68650097,78.30656187
Hathras,GOV HIGH SCHOOL KOKA,5,27.52674332,78.1069017
Hathras,PT DEEN DAYAL RAJKIYE MODEL INTER COLLEGE SINSTA,5,27.36229226,78.01899578
Hathras,"RAJKIYA HIGH SCHOOL, MADHA PITHU",5,27.43688042,78.07371287
Hathras,GOV HIGH SCHOOL SAHAJPURA,5,27.61088704,78.0531944
Hathras,PT Deen Dyal Upadhyay rajkiye model inter college tuksan,5,27.64402316,78.00921188
Hathras,GOVT HIGH SCHOOL MITHAVALI,5,27.32140598,77.91182826
Jaunpur,GOVT. H.S. UTTARGAWAN,5,26.14170513,82.51327999
Jaunpur,GOVT. GIRLS INTER COLLEGE MACHHALI SHAHAR,5,25.68794961,82.4130098
Jaunpur,GOVT. H.S. PASEVA,5,25.74676101,82.68386259
Jaunpur,GOVT HS SCHOOL MAINUDDINPUR,5,25.83703245,82.43269846
Jalaun,GOVT. HSS MOHANA,5,25.82865468,79.44420898
Jalaun,GOVT. I.C. SAIDNAGAR,5,25.8182918,79.26343945
Jalaun,GOVT. MUMTAJ I.C. KADAURA,5,25.98291371,79.8332491
Jalaun,GOVT. GIRLS I.C. GOHAN,5,26.30312291,79.26837514
Jalaun,GOVT. I.C. MUSMARIYA,5,26.11330289,79.52103085
Jalaun,PT DEEN DAYAL UPADHAYAY GOVT MODEL  I C KHAROOSA,5,25.98095962,79.31751149
Jalaun,GOVT HSS KASAIPURA,5,26.14746359,79.33782967
Jhansi,GOVT. HIGH SChOOL-KHAJRAHA BUJURG,5,25.31360491,78.47460105
Jhansi,GOVT.HIGH SCHOOL BUDPURA,5,25.19936059,78.41273553
Jhansi,RAJKIYA BALIKA INTER COLL- RASOI,5,25.46652045,78.45948736
Jhansi,RAJKIYA INTER COLLEGE-RAKSHA,5,25.45264917,78.4579305
Jhansi,GOVT.HIGH SCHOOL- KARGUA KHURD,5,25.92146325,79.11550854
Jhansi,RAJKlYA GIRLS INTER COLLEGE- RANlPUR,5,25.25555536,79.05736272
Jhansi,RAJKIYA INTER COLLEGE-KATERA,5,25.24805381,78.93359396
Jhansi,RAJKIYA INTER COLLEGE-SAKRAR,5,25.36014462,78.88715514
Jhansi,GOVT HIGH SCHOOL BHOJLA,5,25.51553178,78.57235405
Jhansi,RAJKIYA BALIKA INTER COLLEGE- BARUASAGAR,5,25.39212152,78.73793041
Jhansi,"PT DEEN DAYAL UPADDHYAY GOVT MOOEL INTER COLLEGE
PIPRA BLOCK
CHIRGOAN JHANSI",5,25.56923307,78.80995121
Jhansi,RAJKIYA KANYA INTER COLLEGE-9,5,25.46736361,78.571227
Jhansi,GOVT. HIgH SCHOOL SAKIN,5,25.89312387,78.9537825
Jhansi,PT DEEN DAYAL UPADDHYAY GOVT MODEL INTER COLLEGE KUMHRAR MOTH JHANSI,5,25.69553149,78.97124764
Jhansi,RAJKIYA INTER COLLEGE- SAMTHAR,5,25.84173194,78.89711082
Jhansi,RAJKIYA INTER COLLEGE- SHAJHAPUR,5,26.09822088,79.6336544
Jhansi,RAJKIYA HIGH SCHOOL AMBAVAY BLOCK,5,25.5538785,78.49612411
Amroha,GOVT. INTER COLLEGE MITTHE PUR KALAN,5,29.11297152,78.46078281
Amroha,RAJKIYA HIGH SCHOOL HASANPUR KATIA,5,28.87791755,78.61318038
Amroha,RAJKIYA BOYS INTER COLLEGE,5,28.89398783,78.47131618
Amroha,RAJKIYA GIRLS INTER COLLEGE,5,28.89356619,78.46923006
Amroha,RAJKIYA HR. DYOTI,5,28.89393043,78.47142074
Amroha,RAJKIYA HIGH SCHOOL BACHRAU,5,28.92610048,78.23312743
Amroha,AMBADKAR GOvt. INTER COLLEGE UJHARI,5,28.66006929,78.35710964
Amroha,RAJKIYA GIRLS INTER COLLEGE HASANPUR CITY,5,28.72387476,78.28460884
Amroha,Govt Inter College Dhanora urf Murad Nagar,5,28.79615982,77.96908858
Amroha,PT DEENDAYAL UPADHYAY GOVT MODELINTER COLLEGE BUDHANPUR,5,28.81885028,78.57900761
Kannauj,SAMAJWADI ABHINAV VIDYALAYA,5,28.57747188,78.705684
Kannauj,RAJKIYA H.S.S KISAI JAGDISPUR,5,26.99833285,79.57043856
Kannauj,GOVT. INTER COLLEGE UMARDA,5,26.8746661,79.7158852
Kanpur Dehat,GOVT.G.I.C.RASULABAO,5,26.48476707,80.34014488
Kasganj,Pt Deendayal Upadhyay Govt Model Inter College Labhed,5,27.808507,78.64614952
Kasganj,Govt. High school Bhitona,5,27.81695038,78.67106567
Kasganj,Pt Deendayal Upadhyay Govt Model Inter College Alauddinpur,5,27.87175334,78.77506192
Kasganj,Pt Deendayal Upadhyay Govt Model Inter College Tharachitra,5,27.73814224,78.76736266
Kausambhi,GOVT. GIRLS HIGH SCHOOL KADA,5,25.69192193,81.35822962
Kausambhi,PANDIT DEEN DAYAL UPADHAYAY RAJKIY MADAL INTER COLLEGE PURAB SHARIRA,5,25.42462967,81.33448377
Kausambhi,GOVT. GIRLS HIGH SCHOOL,5,25.69683111,81.35709964
Kausambhi,"PANDIT DEEN DAYAL UPADHAYAY RAJKIY MADAL INTER COLLEGE
KESARI",5,25.65327232,81.36888088
Kushinagar,RAJKIYA BALIKA INTERMEDIATE COLLEGE PADRAUNA,5,26.90450999,83.96961088
Kushinagar,PT DEENDAYAL UPADHYAY GOVT MODEL IC MISRAULI,5,26.90364383,83.90474495
Lalitpur,GOVT INTER COLLEGE BAR,5,24.86866391,78.57890621
Lalitpur,GHS DAILWARA,5,24.77467653,78.37325688
Lalitpur,GOVT INTER COLLEGE MATATILA,5,25.10889498,78.38659157
Lalitpur,GHS NIVAI,5,24.59206217,78.43465164
Lalitpur,GOVT. INTER COLLEGE JAKHAURA,5,24.9546364,78.332096
Lalitpur,GOVT INTER COLLEGE LALITPUR,5,24.69363463,78.41640294
Maharajganj,GOVT HR SEC ARAJIJAGPUR MAHARAJGANJ,5,27.09726704,83.33941612
Maharajganj,GOVT HR SEC SCHOOL SOHWAL,5,26.94406483,83.5552061
Maharajganj,GIC PANIYARA MRJ.,5,26.99203514,83.46924924
Maharajganj,GOVT UTCHAR HR SEC SEMRA CHANDROLI MAHARAJGANJ,5,27.15044308,83.56699955
Maharajganj,GOVT UTCHARMADHMIC VIDYALAY UTI KHASH PARTAWALMAHARAJ GANJ,5,26.96816354,83.60199267
Maharajganj,GOVT KANYA INTER COLLEGE PHARENDA,5,27.18299364,83.58441888
Maharajganj,GOVT INTER COLLEGE NAUTANWA,5,27.43581272,83.4257458
Mahoba,G.IC. CHARKHARI,5,25.40294756,79.75008608
Mahoba,PANDIT DEEN DYAL IC RIWAI CHARKHARI,5,25.49797625,79.783652
Mahoba,GOVT. INTER COLLECE JAITPUR,5,25.25519057,79.56749974
Mahoba,PANDIT DEEN DYALIC AJNAR,5,25.19235476,79.50554219
Mahoba,GOVT HIGH SCHOOL JYORAIYA,5,25.19787553,79.80375439
Mahoba,GOVT. HIGH SCHOOL SIJAHARI,5,25.2938429,79.8119686
Mahoba,GOVT. HIGH SCHOOL SURHA,5,25.56375824,79.94928492
Mahoba,GOVT. INTER COLLEGE SHRINAGAR,5,25.21082406,79.78098815
Mahoba,PANDIT DEEN DYAL IC CHICHARA,5,25.5278649,79.76912406
Mahoba,GOVT. GIRLS INTER COLLEGE MAHOBA,5,25.29230739,79.87344793
Mahoba,GOVT HIGH SCHOOL MUHARI,5,25.32444687,79.70595713
Mainpuri,Late S.R.V.S.YADAV GOVERMENT INTER COLLEGE NAGLA HAAR,5,27.35260789,78.85317653
Mainpuri,Pt Deendayal Upadhyay Govt Model Inter College Shahjahanpur,5,27.22137175,78.78092331
Mainpuri,"G,G.I.C KARHAL MAINPURI",5,27.00640449,78.94041369
Mainpuri,PT DEEN DAYAL GOVT INTER COLLEGE MODEL INTER COLLEGE SAHAN,5,27.09004173,79.03625598
Mainpuri,"SWAMI SADANAND GOVT,GIRLS IC KISHNI",5,27.03325063,79.2668042
Mainpuri,"G.G.I.C. RATHERA, MAINPURI",5,27.1764163,78.9178986
Mainpuri,RAJKIY KANYA INTER COLLEGE DEVI ROAD MAINPURI,5,27.23205325,79.02744064
Mathura,RAJKIYE HIGH SCHOOL BACHHGAON,5,27.41145698,77.46397217
Mathura,GOVT HIGH SCHOOL DAGENTA,5,27.53884415,77.65413083
Mathura,PT DEENDAYAL UPADHYAY GOVT MODELINTER COLLEGE BAROLI,5,27.57251204,77.61956164
Mathura,GOVT HIGH SCHOOL SYARAHA,5,27.74086684,77.6742474
Mathura,PT DEENDAYAL UPADHYAY GOVT MODELINTER COLLEGE SIHANA,5,27.625467,77.5469563
Mathura,GOVT GIRLS INTER COLLEGE PARKHAM,5,27.29094207,77.71809184
Mathura,GOVT GIRLS INTER COLLEGE FARAH,5,27.3202832,77.76396798
Mathura,GOVERNMENT GIRLS INTER COLLEGE ADING,5,27.48522416,77.52194954
Mathura,PT DEENDAYAL UPADHYAY GOV MODEL INTER COLLEGE PADAL,5,27.55792548,77.45300033
Mathura,GOVT HIGH SCHOOL BHADRAVAN,5,27.68783123,77.71884867
Mathura,PT.DEENDAYAL UPADHYAY GOVT. MODEL I.C KARAHARI MANT,5,27.63158089,77.70944222
Mathura,GOVT HIGH SCHOOL BISAWALI,5,27.55702409,77.8364218
Mathura,GOVT HIGH SCHOOL BHAINSA,5,27.38520449,77.67579516
Mathura,GOVT HIGH SCHOOL FAINCHARI,5,27.52234356,77.59884668
Mathura,PT DEEN DAYAL UPADHYAY GOVT MODEL INTER COLLEGE JAIT,5,27.57242645,77.61957237
Mathura,V.D.P. GOVT. INTER COLLEGE,5,27.4970284,77.69190237
Mathura,PT DEENDAYAL UPADMYAY GOV MODEL INTER COLLEGE KAMAR,5,27.81139398,77.33964139
Mathura,GOVT HIGH SCHOOL LOHAGARH,5,27.93365925,77.85709579
Mathura,GOVT. HIGH SCHOOL LOHVAN,5,27.51472732,77.71874699
Mathura,PT DEENDAYAL UPADHYAY GOV MODEL INTER COLLEGE SONAI,5,27.57846098,77.88812094
Mau,GOVT HSS NADWAL,5,26.11237542,83.56963734
Mau,GOVT BALIKA INTER COLL NAGAR KSHETRA MAU,5,26.13871721,83.43495665
Meerut,GOVERNMENT HIGH SCHOOL KHIRWA NAUABAAD,5,29.08574186,77.65335952
Meerut,GOVT. HIGH SCHOOL PAVLI KHAS,5,29.07003257,77.68340411
Meerut,GOVT. HIGH SCHOOL RAHORA KHURD,5,29.21191188,78.03893428
Meerut,RAJKIYA INTAR COLLEGE,5,28.98587797,77.70632335
Meerut,RAJKIUYA INTER COLLEGE BAHERAMPUR JANI,5,28.99446994,77.70658541
Meerut,GOVT. HIGH SCH. PIPLI KHEDA,5,28.88445411,77.77097447
Meerut,Pt DEEN DAYAL UPADAYAY RAJKIYA MODEL INTER COLLEGE KHARKHODA,5,28.83252435,77.71895478
Meerut,RAJKIYA INTER COLLEGE KAYAST BADDA,5,28.93928982,77.84529833
Meerut,GOVT HIGH SCHOOL KUDHLA,5,28.89592419,77.77092862
Meerut,GOVT. H.S. AGWANPUR,5,28.99641575,77.99751549
Meerut,"GOVT. HIGH SCHOOL
T. JANUBI",5,28.9395179,78.0566035
Meerut,SAMAJWADI ABHINAV VIDHYALAYA BALI PRIKSHIT GARH,5,29.04254282,77.90709097
Meerut,GOVT. HIGH SCHOOL KUNKURA,5,29.05259575,77.83902016
Meerut,GOVT. HIGH SCHOOL MAME PUR,5,29.03214415,77.74093856
Meerut,RAJKIYA INTER COLLEGE PUTH KHAS ROHTA,5,29.01111907,77.61212214
Moradabad ,GOVERNMENT HIGHER SEC SCHOOL,5,28.8239254,78.74887926
Moradabad ,GOVERNMENT INTER COLLEGE,5,28.83925995,78.78893734
Moradabad ,RAJKIYA ABHINAV VIDHYALYA NARAYANPUR DEVA,5,28.60993454,78.70419527
Moradabad ,GOVERNMENT HIGHER SECONDARY SCHOOL,5,28.85777847,78.79771642
Moradabad ,GOVERNMENT KANYA INTER COLLEGE MUDAKHERI,5,28.9699777,78.59038499
Moradabad ,GOVT INTER COLLEGE SALEMPUR,5,28.85219336,78.93308884
Moradabad ,GOVT. HIGH SCHOOL BEGUMPUR,5,29.0801336,78.67572344
Moradabad ,GOVERNMENT INTER COLLEGE,5,28.83925995,78.78893734
Moradabad ,Pt DeendaYaL Upadhyay Govt Model Inter College Jatpura,5,29.06218169,78.83163937
Moradabad ,GOVERNIVIENT KANYA INTER COLLEGE,5,28.82296017,78.75006521
Moradabad ,GOVT.HIGH SCHOOL NAGALIYA MASHKULA,5,28.93362092,78.64765969
Moradabad ,GOVT.INTER COLLEGE PAKBARA,5,28.83588856,78.78971592
Moradabad ,GOVERNMENT INTER COLLEGE MORADABAD CITY BOYS,5,28.83834236,78.78397888
Moradabad ,GOVERNMENT HIGHER SEC. SCHOOL,5,28.83254973,78.75925963
Moradabad ,GOVERNMENT INTER COLLEGE,5,28.83925995,78.78893734
Moradabad ,GOVT INTER COLLEGE THAKURDWARA,5,28.83628635,78.7894767
Moradabad ,GOVT. KANYA INTER COLLEGE,5,28.82325158,78.74993647
Moradabad ,SHIV HARI GOVT. KANYA INTER CO,5,28.82298837,78.75000084
Moradabad ,GOVT.INTER COLLEGE NAGALIYA JAT,5,28.63415933,78.8175232
Moradabad ,"GOVT.HIGH SCHOOL BEHTA
SARTHAL",5,28.56971909,78.67543847
Muzaffar nagar,GOVT INTER COLLEGE GARHI SHEKHAWATPUR BUDHANA MIJZAFFARNAGAR,5,29.30083333,77.55178175
Muzaffar nagar,PANDA DEEN DAYAL UPADHYAY RAJKIYA INTER COLLECE BITAWADA MZN,5,29.56560992,77.638639
Muzaffar nagar,GOVT.HIGH SCHOOL RONIHERJIPUR,5,30.08862713,77.50415823
Muzaffar nagar,"PANDIT DEEN DAYAL UPADHYAY
RAJKIYA INTER COLLEGE
BADHAIKALAN MZN",5,29.95731043,77.67909015
Muzaffar nagar,"GOVT, HIGH SCHOOL TISAMG",5,29.36541836,77.84418162
Muzaffar nagar,GOVT. HIGH SCHOOL HUSAINPUR KHADAR,5,29.32246702,77.40392136
Muzaffar nagar,GOVT. HIGH SCHOOL SAMBHALHERA,5,29.3538333,77.9193551
Muzaffar nagar,PANJDlT DEEN DAYAL UPADHYAY RAJKIYA INTER COLLEGE KASAMPUR KHOLA MZN,5,29.56826514,77.59528708
Muzaffar nagar,GOVT.HIGH SCHOOL NAVLA,5,29.33464712,77.69553118
Muzaffar nagar,GOVT. HIGH SCHOOL RASULPUR,5,29.51353291,77.81620202
Muzaffar nagar,GOVT INTER COLLEGE PURKAJI MUZAFFARNAGAR,5,29.46182815,77.68651684
Muzaffar nagar,GOVT. HIGH SCHOOL HARINAGAR,5,29.64162317,77.89530326
Muzaffar nagar,GOVT.HIGH SCHOOL TEJALHERA,5,29.58449492,77.83816833
Muzaffar nagar,RAJKIYA HIGH SCHOOL JATMUJHERA,5,29.46618249,77.81350628
Muzaffar nagar,GOVT. GIRLS INTER COLLEGE SISOULI,5,29.41683368,77.46740242
Muzaffar nagar,"PANDIT DEEN DAYAL UPADHYAY RAJKIYA INTER SIKANDERPUR
MZN",5,29.4417686,77.58577733
Muzaffar nagar,"PANDIT DEEN DAYAL UPADHYAY RAJKIYA INTER COLLEGE KHAI
KHERI MZN",5,29.59735588,77.85531392
Muzaffar nagar,"GOVT. HIGH SCHOOL JEEVNA
(SHAHPUR)",5,29.4887414,77.53054031
Pilibhit,GOVERNMENT HIGH SCHOOL TONDERPUR,5,27.55181672,80.02769672
Pilibhit,"GOVERNMENT INTER COLLEGE,
AMARIA",5,28.65680128,79.78139467
Pilibhit,"GOVERNMENT GIRLS INTER COLLAGE, BARKHERA",5,28.48148287,79.80883577
Pilibhit,"GOVERNMENT GIRLS INTER COLLEGE, BILASANDA",5,28.2701206,79.95730939
Pilibhit,PANDIT DEEN DAYAL UPADHYAY GOVERNMENT MODELI NTER COLLEGE MARORIKHASH BILSANDA PILIBIHT,5,28.28448838,79.95148996
Pilibhit,GOVERNMENT HIGH SCHOOL KHANKA BISALPUR PILIBHIT,5,28.29369352,79.80453603
Pilibhit,GOVERNMENT INTER COLLEGE PAUTA KALAN LALORIKHERA,5,28.53113032,79.8134558
Pilibhit,"PANDIT DEEN DAYAL UPADHYAY GOVERNMENT MODELINTER COLLEGE KHAMARIA PUL
LALORIKHER
PILIBHIT",5,28.59348902,79.71016309
Pilibhit,"GOVERNMENT GIRLS INTER
COLLEGE NEORIA HUSSAINPUR
MARORI",5,28.60876499,79.77731525
Pilibhit,GOVERMENT INTER COLLEGE NEORIA MARORI,5,28.74926566,79.90324791
Pilibhit,GOVERNMENT GIRLS INTER COLLEGE PURANPUR,5,28.5328452,80.13764192
Pilibhit,GOVERNMENT HIGH SCHOOL BOONDI BHOOR PURANPUR,5,28.54591666,80.11292191
Pilibhit,"GOVERNMENT INTER COLLEGE, GABHIYA SAHRAI PURANPUR",5,28.78842561,80.09837023
Pratapgarh,"Pt Deendayal Upadhyay Govt Model Inter College Mahuli Aspur
Devsara",5,25.96434368,82.31769795
Pratapgarh,S.C.B.S.J.M.G.G.I.C.,5,25.92022661,82.00250672
Pratapgarh,GOVT. HIGHER SECONDRY SCHOOL KANPA,5,25.92636737,81.99628301
Pratapgarh,GOVT. GIRLS H.SEC. SCHOOL,5,25.89844127,81.9452231
Pratapgarh,G I C PRATAPGARH,5,25.92330051,81.99574611
Pratapgarh,GGIC,5,25.92015912,82.00244237
Pratapgarh,G I C SEKHUPUR,5,25.74097854,82.03354756
Pratapgarh,GHS NAIKOT,5,25.95447112,82.25314593
Pratapgarh,GOVT. GIRLS INTER COLLEGE,5,25.92020737,82.00248528
Pratapgarh,GGIC Manikpur,5,25.76982742,81.41877649
Pratapgarh,G G I C SITALMAU,5,25.9301405,81.69390804
Pratapgarh,GOVT. GIRLS INTER COLLEGE,5,25.92020737,82.00248528
Pratapgarh,GOVT. INTER HIGH SECONDARY SCHOOL,5,25.90029833,81.94389106
Pratapgarh,RAM AZOR CHAURSIYA R.B.I.C. PATTI PRATAPGARH,5,25.91986658,82.19881075
Pratapgarh,GOVT. H.S.S. LOHANG PATTI PRATAPGARH,5,25.92485042,82.2596877
Pratapgarh,GOVT. INTER COLLEGE,5,25.92273717,81.99606929
Pratapgarh,GOVERNMENT HIGHER SECONDARY SCHOOL,5,25.89961527,81.94708279
Pratapgarh,GOVT. GIRLS INTER COLLEGE,5,25.92020737,82.00248528
Pratapgarh,Pt Deendayal Upadhyay Govt Model Inter College Kuradeeh Shivgarh,5,25.82747057,82.07973368
Pratapgarh,G H S S PURAILA,5,26.13697029,82.02135806
Pratapgarh,GOVT HSS ATRAURA,5,25.94015416,82.26281941
Pratapgarh,GOVT HIGHER SCHOOL SHEETAL PATTI,5,25.990298,82.16215546
Pratapgarh,Pt Deendayal Upadhyay Govt Model Inter College Murassapur Kalakankar,5,25.81805179,81.35868224
Rae Bareli,G.G.I.C. HARIYAWAN RAEBARELI,5,26.22171877,81.23399206
Rae Bareli,"GOVT. HIGHER SECONDARY SCHOOL, PINDARI KALAN",5,26.3125193,81.31211432
Rae Bareli,GOVT. GIRLS INTER COLLEGE,5,26.22174578,81.23414496
Rae Bareli,"GOVT. HIGHER SECONDARY SCHOOL, JALAL PUR DHAI",5,26.01700648,81.14826431
Rae Bareli,"GOVT. GIRLS INTER COLLAGE, KHIRON",5,26.28676053,80.92367274
Rae Bareli,JAWAHAR GOVT. INTER COLLEGE,5,25.88835676,81.31501193
Rae Bareli,"GOVT. GIRLS INTER COLLAGE, LALGANJ",5,26.18424435,80.95505673
Rae Bareli,PT DEEN DAYAL UPADHYAY MODEL INTER COLLEGE,5,26.2486923,81.24413669
Rae Bareli,PT DEEN DAYAL UPADHYAY MODEL INTER COLLEGE,5,26.2486923,81.24413669
Rae Bareli,GGIC SALON,5,26.03073163,81.45526772
Rae Bareli,"GOVT. INTER COLLAGE, A. BUJURG",5,26.40051919,81.17311167
Rae Bareli,GOVT. GIRLS INTER COLLEGE,5,26.22174578,81.23414496
Rae Bareli,GOVT. HIGHER SECONDARY SCHOOL MAU GARBI,5,,
Rae Bareli,"G.G. HIGHER SECONDARY
SCHOOL, OSAAH",5,26.50866296,81.23258764
Rae Bareli,PT DEEN DAYAL UPADHYAY MODEL INTER COLLEGE,5,26.2486923,81.24413669
Rae Bareli,PT DEEN DAYAL UPADHYAY MODEL INTER COLLEGE,5,26.2486923,81.24413669
Rae Bareli,GOVT. INTER COLLEGE,5,26.22442137,81.23683492
Rae Bareli,PT DEEN DAYAL UPADHYAY MODEL INTER COLLEGE,5,26.2486923,81.24413669
Rae Bareli,"G.G.I.C. ATREHTA, MAHARAJGANJ",5,27.16907781,83.58234821
Rae Bareli,GOVT. INTER COLLEGE,5,26.22442137,81.23683492
Rae Bareli,GOVT. GIRLS INTER COLLEGE,5,26.22253346,81.23373405
Rae Bareli,SRI K.B. SHINHA GOVT. GIRLS INTER COLLEGE,5,26.24924725,81.24590431
Rae Bareli,RAJKIYE HIGH SCHOOL SOOCHI,5,26.15768299,81.36893605
Rampur,GOVT HSS GAJRAULA BILASPUR,5,28.83758404,79.187474
Rampur,GOVT IC ASHOK NAGAR,5,28.82800659,79.0368376
Rampur,"GOVT INTER COLLEGE MANUNAGAR, BILASPUR",5,28.85021153,79.14120752
Rampur,GOVT. H.S.S. NAUGAVAN,5,28.84056635,79.02128854
Rampur,PT. DEEN DAYAL UPADHYAY GOVT. MODEL IC KAKRAUVA,5,28.74702353,79.07164174
Rampur,"GOVT INTER COLLEGE, DHAMAURA, MILAK
Dhamora, Uttar
Pradesh 243701",5,28.68132366,79.11584452
Rampur,GOVT HIGH SCHOOL KHANDIA,5,28.88802093,79.08867305
Rampur,GOVT. I SAIJANI NANKAR,5,28.83962326,79.03761688
Rampur,GOVT. INTER COLLEGE MANAKPUR BANJARIYA,5,28.89339275,78.97243601
Rampur,GOVT GIRLS INTER COLLEGE PATWAI,5,28.79497288,79.02176828
Rampur,GOVT GIRLS INTER COLLEGE SHAHBAD,5,28.79672818,79.02073811
Rampur,GOVT INTER COLLEGE PATWAI,5,28.65889789,79.03277385
Rampur,GOVT INTER COLLEGE SHAHBAD,5,28.58548001,78.9983527
Rampur,GOVT. I C REBDI KALAN,5,28.60218124,79.07666303
Rampur,GOVT GIRLS I C NARPAT NAGAR,5,29.05538514,79.07870425
Rampur,GOVT HSS DHANUPURA,5,28.96963631,79.0075675
Rampur,GOVT INTER COLLEGE SWAR,5,29.02422519,79.05769142
Rampur,"GOVT INTER COLLEGE, TANDA , BADLI, TANDA",5,28.97152322,78.94207808
Rampur,GOVT BAQAR IC RAMPUR,5,28.77945938,79.01888496
Rampur,GOVT GIRLS IC QILA RAMPUR,5,28.81296144,79.02665924
Rampur,GOVT HAMID IC RAMPUR,5,28.80527356,79.02530973
Rampur,"GOVT INTER COLLEGE, PAHADI GATE, RAMPUR",5,28.7985733,79.03866108
Rampur,GOVT KHURSHEED GIRLS IC RAMPUR,5,28.81365356,79.02623465
Rampur,GOVT MURTAZA INTER COLL RAMPUR,5,28.79817981,79.01494591
Rampur,GOVT ZULFEQAR IC RAMPUR,5,28.81377708,79.03261253
Rampur,GOVT ZULFEQAR GIRL IC RAMPUR,5,28.81332019,79.0325493
Saharanpur,RAJKIYA HIGH SCHOOL SABDALPUR,5,29.93299192,77.46718321
Saharanpur,RAMABAI RAJKIYA KANYA VIDHALAY,5,29.89981847,77.64674081
Saharanpur,GOVT. HIGH SCHOOL DIVALHEDI,5,29.92124167,77.6708608
Saharanpur,Pt DDUGlCD hayaki Gangoh,5,29.77516686,77.27198344
Saharanpur,GOVT. HIGH SCHOOL BHAGUWALA,5,29.7038245,78.2586798
Saharanpur,"RAJKIY HIGH SCHOOL,PATHLOKAR",5,29.97650893,77.6052847
Saharanpur,SAMAJWADI ABHINAV VIDYALYA KALUWAL,5,30.10382424,77.52601164
Saharanpur,GOVT. HIGH SCHOOL KUTUBPUR LABDOLA,5,29.86345897,77.58321831
Saharanpur,GOVT. GIRLS INTER COLLECE TIKRAUL,5,29.96717299,77.5491294
Saharanpur,GOVT. HIGH SCHOOL BADHI,5,29.9012426,77.2403672
Saharanpur,GOVT. HIGH SCHOOL SADAK DUDLEE,5,29.98423065,77.60387247
Saharanpur,GOVT. HIGH SCHOOL SONA,5,30.00515787,77.70658487
Saharanpur,PDDUGICCHAURADE V,5,29.94671679,77.72403361
Saharanpur,RAJKIYE KANYA INTER COLLEGE GAGALHEDI,5,29.97576672,77.65841603
Saharanpur,RAJKIYE KANYA INTER COLLEGE GAGALHEDI,5,29.97576672,77.65841603
Saharanpur,PDDUGICNAUGAVAN,5,30.23435526,77.68076788
Saharanpur,GOVT. INTER COLLEGE GHUMTI,5,30.11130537,77.53440013
Saharanpur,RAJKIYE INTER COLLEGE KAPURI,5,29.86270844,77.40428082
Saharanpur,RAJKIYE INTER COLLEGE KAILASHPUR,5,26.88834093,80.50340862
Saharanpur,"GOVT. HIGH SCHOOL KPOORI
GOVINDPUR",5,29.78850551,77.73637178
Saharanpur,GOVT. HIGH SCHOOL KHERI MADHTI,5,30.02027059,77.53933094
Saharanpur,"RAJKIYA HIGH SCHOOL KUWA
KHERA",5,29.66396472,77.38270919
Sambhal,GOVERNMNET HIGHER SECONDARY SCHOOL,5,28.61044721,78.5531536
Sambhal,Pt deendayal govt ic rajpur,5,28.42810824,78.62017403
Sant Kabir Nagar,GOVT. KANYA UMV BAGHAULI,5,27.10570205,83.08094392
Sant Kabir Nagar,GOVT. UMVIDYALAY DHAURAHARA,5,26.76299942,83.09941869
Sant Kabir Nagar,GOVT. HIGH SCHOOL SALEHPUR,5,26.83526794,82.90043922
Shahjahanpur,RAJKIYA U. M. VIDHYALAY DHAKA GHANSHYAM,5,28.22493212,80.04521522
Shahjahanpur,GOVT. INTER COLLAGE BHAWALKHERA,5,27.89531979,79.98386521
Shahjahanpur,"RAJKIYE UCHTAR M.S.
SARSAWAN",5,27.87560052,79.914779
Shahjahanpur,G.H.S. KAPER KATKA,5,27.9793155,79.84974743
Shahjahanpur,GOV. HSS PIPROULA SHAHJAHANPUR,5,27.9368947,79.89794287
Shahjahanpur,RAJKIYA INTER COLLEGE,5,27.87562891,79.91476825
Shahjahanpur,G.H.S. NAWADA RUDRAPUR,5,27.86385792,79.71683388
Shahjahanpur,GOVT. INTER COLLEGE,5,27.87731951,79.9144299
Shahjahanpur,RAJKIYE UCHCHYTER MADHYMIK VIDHAYLAY JAMUNI DAULAT PUR,5,27.76599708,79.71487966
Shahjahanpur,RAJKIYE KANYA U.M. VIDHYALAY KHERA NAWADA KATRA,5,28.04861937,79.53718071
Shahjahanpur,RAJKIYE HIGH SCHOOL CHANDPUR KHUTAR SHAHJAHANPUR,5,28.31672219,80.30823812
Shahjahanpur,RAJKIYE UCHTAR MADMAMIK MALIKA,5,28.21618712,80.22516608
Shahjahanpur,"RAJKIYE UCHTAR
M.V. SADIKPUR",5,27.64353081,79.56731427
Shahjahanpur,G.H.S. JUJHARPUR,5,28.1086978,80.09957266
Shahjahanpur,G.H.S. SINDHAULI,5,27.96848163,79.96755949
Shahjahanpur,Pandit Deen Dayal Upadhyay Rajkiya Model Inter College SINDHAULI,5,28.03820794,79.95564013
Shahjahanpur,RAJKIYE UMV BILANDPUR GADDIPUR,5,28.0430046,79.94150225
Shahjahanpur,G.G.I.C.,5,27.86261518,79.91157985
Shahjahanpur,"Government Higher Secondary School, Sahampur",5,27.96900392,79.66004308
Shahjahanpur,RAJKIYE U.M. VIDHYALAY NOUGAI SHAHJAHANPUR,5,27.92509568,79.76942078
Shahjahanpur,"RAJKIYE KANYA INTER COLLEGE
SHAJHANPUR",5,27.86862589,79.88314575
Shahjahanpur,G.H.S. DHANAURA,5,28.95461352,78.26471856
Shahjahanpur,"RAJKIYE U.M. VIDHAYALA
SHAHBAZNAGAR",5,27.92180847,79.88150184
Shahjahanpur,GOVT. INTER COLLEGE KALAN,5,28.99315698,78.45530043
Shahjahanpur,GHS CHAURASI,5,27.74945278,79.78876129
Shamli,CH. MANSINGH GOVT INTER COLLEGE KANDELA,5,29.42786272,77.24293388
Shamli,RAJKIY INTER CO KURGAN,5,29.57032588,77.15752821
Shamli,"PANDIT DEEN DAYAL UPADHYAY RAJKIYA MODEL INTER COLLEGE
AALDI SHAMLI",5,29.5833479,77.27209767
Shamli,RAJKIYE INTER COLLEGE KERTOO,5,29.57034455,77.15751748
Shamli,RAJKIYE HIGH SCHOOL BALWA,5,29.40388844,77.30698913
Shravasti,RAJKIYA BALIKA INTER COLLEGE BHINGA,5,27.70732643,81.9119877
Shravasti,"MAHA MAYA RAJKIYA INTER
COLLEGE IKAUNA",5,27.51930078,82.00452854
Sidharth Nagar,RAJKIYEE U.M.V. GONHATAL,5,27.16178155,82.99184433
Sidharth Nagar,I.C.RAJ.KAN.I.C DUMARIYAGANJ,5,27.20414217,82.65186466
Sidharth Nagar,RAJKEEY U.M.V. KUNDI,5,27.32196004,82.49963757
Sidharth Nagar,RAJKYEE UMV TARIYA BAZAR,5,27.19820993,83.03725279
Sidharth Nagar,RAJKEEY U.M.V. UNCHDIH,5,27.3002297,82.73919547
Sidharth Nagar,RAJKIYEE U.M.V. BHARAVATIYA BAZAR,5,27.11589768,83.05028572
Sidharth Nagar,RAJKEEY UMV KATHELA GRANT,5,27.43698816,82.95123248
Sidharth Nagar,RAJKEEY U.M.V. BASAUNI,5,27.31706099,83.05627335
Sidharth Nagar,G.G.I.C. TETARI BAZAR,5,27.28306601,83.08786199
Sonbhadra,G.I.C. CHAPKI,5,23.96139079,83.00894489
Sonbhadra,G.G.I.C. OBRA,5,24.46290656,82.98889554
Sonbhadra,Govt. H.S.S. SIDHAHAWA,5,24.81223884,83.06433909
Sonbhadra,G.I.C. DUDHI,5,24.21921073,83.23450593
Sonbhadra,GOVT. GIRLS HIGH SCHOOL JHAROKALA,5,24.21383042,83.24180796
Sonbhadra,Govt. H.S.S. MEDIKHAN,5,24.24150235,83.34822102
Sonbhadra,GOVT. GIRLS INTER COLLEGE DOHARI,5,24.41124594,83.27400633
Sonbhadra,GOVT. HIGH SCHOOL PARSAUNA,5,24.74008385,83.06677145
Sonbhadra,Pt Deendayal Upadhyay Govt Model Enter College Mudiladeeh,5,24.72875282,82.87376181
Sonbhadra,G I C SHAKTINAGAR,5,24.11961231,82.68123797
Sonbhadra,GOVT. INTER COLLEGE PIPRI,5,24.20138359,83.02199958
Sonbhadra,GOVT. GIRLS HIGH SCHOOL SARAIGARH,5,,
Sonbhadra,GOVT. GIRLS HIGH SCHOOL CHATARA,5,24.61554018,83.24972471
Sonbhadra,GOVT. U.M.V. PAIKA,5,24.58933772,83.02740433
Sonbhadra,G. I. C. KON,5,24.45632362,83.35049931
Sonbhadra,G.G.I.C. DUDHI,5,24.21384345,83.24186426
Sonbhadra,"GOVT, H.S.S. PIPARHAR",5,24.8325446,83.06094496
Sultanpur,GIC PIPARI,5,24.20150103,83.02205322
Sultanpur,GGIC BHADAIYAN,5,26.18257683,82.17372552
Sultanpur,GHS KENAURA,5,26.14737252,82.074307
Sultanpur,GHS SARAIYA BHARTHI,5,26.46638996,82.03828543
Sultanpur,Pandit Deen Dayal Upadhyay IC,5,26.39242537,82.26780237
Sultanpur,GIC MAHRAJGANJ,5,26.29748939,82.00252277
Sultanpur,GHS PEEDHI,5,26.35901944,82.24374372
Sultanpur,Pandit Deen Dayal Upadhyay IC,5,26.39242537,82.26780237
Sultanpur,GGIC KADIPUR,5,26.16782167,82.37218949
Sultanpur,Pandit Deen Dayal Upadhyay IC,5,26.39242537,82.26780237
Sultanpur,GHS HAZIPATTI,5,26.29004814,81.89172646
Sultanpur,GHS JUDUPUR,5,26.32465476,81.98639289
Sultanpur,GHS SAHPUR NANEMAU,5,26.24228881,82.24522256
Unnao,GOVT. INTER COLLEGE INAYATPUR BARRA,5,26.90078019,80.49779256
Unnao,GOVT. GIRLS INTER COLLEGE BANGAR MAU,5,26.5509669,80.4981341
Unnao,GOVT GIRLS INTER COLLEGE PADRI KHURD UNNAO,5,26.48387032,80.64941062
Unnao,GOVT.HIGH SCHOOL BICHHIYA UNNAO,5,26.5437753,80.62782362
Unnao,LATE SRI RAM MISHR GOVT BALIKA INTER COLL,5,26.55581755,80.4979013
Unnao,GOVT HIGH SCHOOL PARA UNNAO,5,26.50340286,80.94063191
Unnao,"GOVT.  H SCHOOL BHAWANE GANJ HILOULI,UNNAO.",5,26.44967109,80.9477278
Unnao,GOVT HIGH SCHOOL AASIVAN PASHCHIM,5,26.78860394,80.44121068
Unnao,GOVT GIRLS INTER COLLEGE NAWABGANJ,5,26.75792865,80.64776943
Unnao,GOVT HIGH SCHOOL RAIPUR GARHI UNNAO,5,26.67231854,80.54336989
Unnao,GOVT HIGH SCHOOL SOHARAMAU UNNAO,5,26.64211655,80.76279961
Unnao,GOVT GIRLS INTER COLLAGE PURWA,5,26.48310326,80.76867241
Unnao,GOVT. GIRLS INTER COLLEGE SAFIPUR,5,26.76225837,80.36080183
Unnao,GOVT HIGH GHONGHI RAUTAPUR,5,26.53320053,80.4322098
Unnao,GOVT. GIRLS INTER COLLEGE ACHAL GANJ,5,26.44120009,80.54458138
Unnao,GOVT GIRLS HIGH SCHOOL AERA BHADIYAR,5,26.44314921,80.54468662
Ayodhya,"Tehsil Sadar, Ayodhya-15 KW",15,26.44433277,82.55708757
Ayodhya,Tehsil Court Ayodhya- 15 Kw.,15,26.78614196,82.12447249
Ayodhya,"Tehsil-Milkipur, Ayodhya- 15 KW",15,26.63520003,81.93939535
Ayodhya,"Tehsil-Sohawal, Ayodhya- 15 KW",15,26.75520934,81.98550442
Ayodhya,"PWD, Ayodhya- 15 KW",15,26.78709262,82.13737792
Ayodhya,"Office of the Chief Veterinary Officer, Ayodhya  50 Kw.",50,26.80727087,82.12536143
Ayodhya,"Commercial Tax Office, Ayodhya- 60 Kw.",60,26.77657656,82.1339443
Ayodhya,"Joint Development Commissioner Office, Ayodhya- 15 KW",15,26.76891436,82.11860709
Ayodhya,"Dr. Bhim Rao Ambedkar, International Stadium Dabha, Ayodhya 25 Kw.",25,26.73159482,82.1376956
Ayodhya,"Civil Aviation Building-5 KV
Changed Site- Deputy Director of Agricultural Parks Modha Road, Ayodhya",5,26.76799668,82.1844371
Ayodhya,"Superintendent of Police Office, Ayodhya, 10 Kw.",10,26.77946582,82.13669282
Ayodhya,"Police Line, Ayodhya, 10 Kw.",10,26.78627516,82.19093588
Ayodhya,"District School Inspector Office, Ayodhya, 05 Kw.",5,26.85201675,82.14024494
Ayodhya,"Basic Education Officer Office, Ayodhya, 05 Kw.",5,26.92314177,82.11822161
Ayodhya,"Paryatan Bhawan, Ayodhya, 04 Kw.",4,26.95765418,80.98121721
Ayodhya,"Circuit House, Ayodhya, 10kW",10,26.77468353,82.13095181
Kanpur,UPSIDA Building Kanpur Nagar- 150 KW,150,26.50231476,80.27760477
Saharanpur,"Assistant Director (Services) Regional Employment Office, Saharanpur, 10 Kw.",10,29.97470431,77.52480984
Saharanpur,"Deputy Commissioner of Industries, District Industries and Promotion Centre, Saharanpur, 05 Kw.",5,29.94358631,77.52577683
Ayodhya,"Narendra Dev Agriculture and Technology, Ayodhya, 155kW",155,26.54141055,81.83198958
Bareilly,"Divisional Office, 117 Civil Lines, Bareilly, 10 Kw.",10,28.34885915,79.41916167
Saharanpur,"Government Inter College Sahanpur, 20 Kw.",20,29.96868978,77.54453945
Saharanpur,"Savitri Bai Phule Government Women's Polytechnic, Sahanpur, 22 Kw.",22,29.96973588,77.62017845
Lucknow,"Uttar Pradesh Housing and Development Council Headquarters, 104 Mahatma Gandhi Marg Lucknow, 27.50 Kw.",27.5,26.85206702,80.94775114
Aligarh,"Atal Residential School Village-Tamakauli Tehsil Gabhana District Aligarh, 50 Kw.",50,26.69993069,80.01548398
Lucknow,"State Institute of Educational Technology, Nishatganj, Lucknow, 11KW",11,26.86417184,80.95285548
Saharanpur,"Government Polytechnic, Sahanarpur, 60 KW",60,29.91472097,77.51959565
Saharanpur,"Office of Agricultural Production Market Council, Uttar Pradesh, Saharanpur, 40 KW",40,29.97025149,77.55960096
Saharanpur,"Regional Sports Officer, Saharanpur Baba Saheb Bhim Rao Ambedkar Stadium, Saharanpur, 24 KW",24,29.96558036,77.54188241
Auraiya,"Baburam Sugandhi Devi Inter College, Babarpur Auriya, 03 Kw.",3,26.57191826,79.31634433
Lucknow,"State Consumer Disputes Redressal Commission, Uttar Pradesh, 100 KW",100,26.86956353,81.01456858
Mathura,"Babu Vishwanath Aggarwal College Mathura, 100KW",100,27.49738996,77.69012793
Ayodhya,"Municipal Corporation Chief Engineer's Office Ayodhya, 15 KW site converted DM residence",30,26.76959715,82.11998993
Ayodhya,"Office District Panchayat Ayodhya, 15 Kw.",15,26.77233853,82.12545578
Ayodhya,Commissioner Court Ayodhya 20KW,20,26.77403042,82.12447618
Ayodhya,Gandhi Auditorium Ayodhya 25KW,25,26.78737338,82.12946434
Ayodhya,Office of District Agriculture Officer Ayodhya 20KW,20,27.175517,81.93710684
Ayodhya,Office of Deputy Director Agricultural Extension Ayodhya 20KW,20,26.851888,82.72536328
Ayodhya,Office of Public Works Department Section 2 Ayodhya 15KW,15,26.77378601,82.13293669
Ayodhya,Office of Public Works Department Section 4 Ayodhya 15KW,15,26.77378601,82.13293669
Ayodhya,Office of the Chief Engineer Public Works Department Ayodhya 20KW,20,26.77378601,82.13293669
Ayodhya,Uttar Pradesh State Transport New Bus Stand 20KW,20,26.79530101,82.22694294
Ayodhya,"District Laboratory, Provincial Block, Public Works Department, Ayodhya Camp Office, 5 KW Converted Site Engineer, Quality Control Board,",5,26.77389946,82.1329039
Ayodhya,"Circuit House, Ayodhya 5 KV
Changed Site Office Chief Executive Officer Matsya,",5,26.774741,82.13097327
Ayodhya,"Circuit House, Ayodhya 05 KW Converted Site Kunj Kutir Hydel Colony Civil Line,",5,26.7748272,82.13094108
Ayodhya,District Election Office Ayodhya-4 Kw.,4,26.7699785,82.20956879
Ayodhya,Saryu Fiend Ghastan Saryu Canal Colony Ayodhya-05 KW,5,26.77393309,82.15339877
Ayodhya,Camp Office Saryu Canal Section Ayodhya-5 KW,5,26.79392902,82.20528407
Ayodhya,Sub Registrar Office Ayodhya-10 KW,5,26.77292347,82.12548041
Ayodhya,AIG Stamp Ayodhya-05 KW,5,27.1277067,81.9395602
Ayodhya,Office of the Chief Engineer PWD (Electrical Circuit) Ayodhya-10 KW,10,26.77408246,82.13251385
Ayodhya,Office of the Superintending Engineer Eleventh Division Irrigation Office Ayodhya-10 KW,10,26.77502055,82.12988941
Ayodhya,Office of District Sainik Welfare Officer Ayodhya-10 KW,10,25.44733887,81.78438975
Ayodhya,Office of Deputy Sugarcane Commissioner Ayodhya-10KW,10,26.79356272,82.139647
Ayodhya,Office of Horticulture Officer Ayodhya- 10 KW,10,26.44408222,82.52178519
Ayodhya,Kunj Kutir Hydel Colony Civil Lines Electricity Distribution Section-1 Ayodhya New Building Office Ayodhya-05 KW,5,26.77281695,82.13065998
Ayodhya,Kunj Kutir Hydel Colony Civil Lines Electrical Testing Section-1 Ayodhya New Building Office Ayodhya-05 KW,5,26.77297096,82.12997334
Ayodhya,Kunj Kutir Hydel Colony Civil Lines Electricity District Block-1 Ayodhya Building Office Ayodhya-05 KW,5,26.77233771,82.13060544
Ayodhya,Kunj Kutir Hydel Colony Civil Lines Pucker Regional Accounts Office Ayodhya Building Office Ayodhya-05 KW,5,26.77217882,82.12996871
Ayodhya,Kunj Kutir Hydel Colony Civil Lines Office Chief Engineer Ayodhya Building-05 KW,5,25.46685428,81.83102263
Ayodhya,Office of Consumer Grievance Redressal Forum near Kachehri Road Electricity Sub Station Civil Lines Ayodhya - 05 KW,5,26.77326091,82.13001582
Ayodhya,"Kachehari Road Electricity Sub Station, Near Civil Lines Office Electrical Work Section Ayodhya - 05 KW",5,26.77326091,82.13001582
Ayodhya,"Kachehri Road Electricity Substation, Near Civil Lines Office Electrical Workshop Section Ayodhya-05 KW",5,26.77326091,82.13001582
Ayodhya,"Kachehri Road Electricity Sub Station, Near Civil Lines Office Working Circle Ayodhya - 05 KW",5,26.77326091,82.13001582
Ayodhya,33/11 KV Power Sub Station Civil Lines Building Ayodhya-05 KW,5,26.7739697,82.14910914
Ayodhya,33/11 KV Electrical Sub Station Naka Building Ayodhya-05 KW,5,26.79234357,82.14439306
Ayodhya,"Sub Divisional Office located at Electricity Sub Station Block, Sub Division Phase-2 Ayodhya New Building-05 KW",5,26.60743966,82.12815474
Ayodhya,33/11 KV Power Substation Ram Ki Pauri Building Ayodhya-05 KW,5,26.71128904,82.07895328
Ayodhya,"Electricity sub-centre, sub-division office located at Ram Ki Pauri, sub-division phase-2, Ayodhya new building-05 KW.",5,26.60743966,82.12815474
Ayodhya,33/11 KV Power Substation Amaniganj New Building Ayodhya-05 KW,5,26.66168858,81.75858078
Ayodhya,33/11 KV Power Substation Saket Building Ayodhya-05 KW,5,26.78365768,82.19714795
Ayodhya,33/11 KV Power Substation Makhapur Building Ayodhya  05 KW,5,26.81423773,82.2066459
Ayodhya,"33/11 KV Power Sub Station, New Building near Shreegar Haat Jhunki Ghat, Ayodhya - 05 KW",5,26.81086718,82.2066459
Ayodhya,33/11 KV Power Sub Station Check Building Ayodhya-05 KW,5,26.77119267,82.17245245
Ayodhya,33/11 KV Power Substation Anjani Puram Cantt Building Ayodhya-05 KW,5,26.77188107,82.14899682
Ayodhya,33/11 KV Power Substation Devkali Building Ayodhya-05 KW,5,26.77143909,82.17142311
Ayodhya,33/11 KV Electrical Sub Station Lalbagh Building Ayodhya-05 KW,5,26.77193855,82.14901828
Ayodhya,33/11 KV Power Substation Niyawan Building Ayodhya-05 KW,5,26.79254477,82.14439308
Ayodhya,33/11 KV Power Sub Station Kaushalpuri Building Ayodhya-05 KW,5,26.76182331,82.12893028
Rae Bareli,"RDJS Public School Khairhani, Rae Bareli",14,26.41957005,81.13121637
Rae Bareli,"Saraswati Girls Inter College, Saraswati Nagar, Rae Bareli",12,26.24929243,81.23754291
Rae Bareli,G.P.R.P.K.Kurri Sudauli Rae Bareli,1,26.51695493,81.02675013
Rae Bareli,"RJS Inter College, Atra Rae Bareli",1,26.40678823,81.18206522
Rae Bareli,Shanti Shiksha Niketan U.M.V. Indiranagar Rae Bareli,1,26.21311047,81.24410162
Rae Bareli,Utkarsh Public School Inter College Bachhrawan Rae Bareli,1,26.47441384,81.11321285
Rae Bareli,"Shailendra Shiksha Niketan Ind. College Chandapur, Raebareli",1,26.23201486,81.24342081
Rae Bareli,"Krishnadevi Raghunath Awasthi High School, Raebareli",2,26.29779513,81.30434355
Rae Bareli,New Public Academy Inc. Bhawanigarh Rae Bareli,2,26.57142233,81.20780338
Rae Bareli,"Govind Prasad Chhotalal Public Inc., Bachhrawan Raebareli",2,26.47401384,81.1094666
Rae Bareli,"Ayodhya Singh Memo Public School, Khalegaon Sheshpur-Samodha Raebareli",2,26.46607547,81.05442155
Rae Bareli,"G.S.G. Inc. Lakadhiya Kheda, Rajamau Raebareli",2,26.37642482,81.60351221
Rae Bareli,"Vijay Bahadur Phoolmati Public School, Bachhrawana Rae Bareli",2,26.46547524,81.10658882
Rae Bareli,"Scarlus Public School, Malhipur, Bachhrawa Raebareli",2,26.48441588,81.09873736
Rae Bareli,"Subedar Major Ramphal Singh Memorial Inc. Kherua, Moreni Raebareli",2,26.41231893,81.32543944
Rae Bareli,Shri Hans Vidyapeeth fifty-two elderly bat Rae Bareli,2,,
Rae Bareli,Anandi Devi Inc. Bhitargaon Rae Bareli,2,26.30561825,80.97552366
Rae Bareli,"Shri Gandhi Vidyalaya Inter College, Bachhrawan, Rae Bareli",2,26.47338253,81.10875672
Rae Bareli,"Saraswati Shiksha Mandir, U.M. Gandhinagar, Raebareli",2,26.22008058,81.2519693
Rae Bareli,"Shree Gayatri Inc. Rustampur, Rae Bareli",2,26.21030906,81.31812261
Rae Bareli,Samta Inter College Sheshpur Samodha Rae Bareli,2,26.46471736,81.06079584
Rae Bareli,RSS Vedic Girls Inter College Rae Bareli,3,26.22438445,81.23336024
Lucknow,"Kasturba Gandhi Residential Girls School, Chinhat, Lucknow 05 KW",5,26.84449076,80.93056531
Rae Bareli,"New Standard Public Inc. Saleth Maharajganj, Raebareli",10,26.25979438,81.23505201
Rae Bareli,"Vivekananda Inter College, Ichaili",2,26.48061366,81.03497924
Rae Bareli,Dr. B.R. Ambedkar Inter College Bawan Buzurg Balla,2,26.3801402,81.26739931
Rae Bareli,"SVV Inter College, Shivgarh",2,26.55152536,81.25030746
Rae Bareli,RCS Inter College Maharajganj,2,27.39174409,83.25359289
Rae Bareli,"Modern Public School Inc., Bachhrawan",5,26.60916284,81.09649459
Rae Bareli,"Shivkumar Trivedi Career Plus Inc., Shivgarh",4,26.55398152,81.24834864
Rae Bareli,Swadesh Saraswati Girls U.M. Maharajganj,3,26.38679297,81.27359983
Rae Bareli,"Yashoda Devi UMA, Ichaili",3,26.47059343,81.01547152
Ghazipur,"Government Women Post Graduate College, Ghazipur-11 KW",11,25.57984915,83.57858801
Lucknow,"Aranya Vikas Bhawan, Uttar Pradesh Forest Corporation, 21/475 Indira Nagar, Lucknow  43 KW",43,26.88019262,80.9741925
Azamgarh,"Agriculture College Complex, Kotwa, Azamgarh-100 KW",100,26.02817743,83.1411164
